Id,MSSubClass,LotArea,OverallQual,OverallCond,YearBuilt,GrLivArea,1stFlrSF,2ndFlrSF,GrLivArea.1,FullBath,HalfBath,GarageCars,SalePrice
1,60,8450,7,5,2003,1710,856,854,1710,2,1,2,208500
2,20,9600,6,8,1976,1262,1262,0,1262,2,0,2,181500
3,60,11250,7,5,2001,1786,920,866,1786,2,1,2,223500
4,70,9550,7,5,1915,1717,961,756,1717,1,0,3,140000
5,60,14260,8,5,2000,2198,1145,1053,2198,2,1,3,250000
6,50,14115,5,5,1993,1362,796,566,1362,1,1,2,143000
7,20,10084,8,5,2004,1694,1694,0,1694,2,0,2,307000
8,60,10382,7,6,1973,2090,1107,983,2090,2,1,2,200000
9,50,6120,7,5,1931,1774,1022,752,1774,2,0,2,129900
10,190,7420,5,6,1939,1077,1077,0,1077,1,0,1,118000
11,20,11200,5,5,1965,1040,1040,0,1040,1,0,1,129500
12,60,11924,9,5,2005,2324,1182,1142,2324,3,0,3,345000
13,20,12968,5,6,1962,912,912,0,912,1,0,1,144000
14,20,10652,7,5,2006,1494,1494,0,1494,2,0,3,279500
15,20,10920,6,5,1960,1253,1253,0,1253,1,1,1,157000
16,45,6120,7,8,1929,854,854,0,854,1,0,2,132000
17,20,11241,6,7,1970,1004,1004,0,1004,1,0,2,149000
18,90,10791,4,5,1967,1296,1296,0,1296,2,0,2,90000
19,20,13695,5,5,2004,1114,1114,0,1114,1,1,2,159000
20,20,7560,5,6,1958,1339,1339,0,1339,1,0,1,139000
21,60,14215,8,5,2005,2376,1158,1218,2376,3,1,3,325300
22,45,7449,7,7,1930,1108,1108,0,1108,1,0,1,139400
23,20,9742,8,5,2002,1795,1795,0,1795,2,0,2,230000
24,120,4224,5,7,1976,1060,1060,0,1060,1,0,2,129900
25,20,8246,5,8,1968,1060,1060,0,1060,1,0,1,154000
26,20,14230,8,5,2007,1600,1600,0,1600,2,0,3,256300
27,20,7200,5,7,1951,900,900,0,900,1,0,2,134800
28,20,11478,8,5,2007,1704,1704,0,1704,2,0,3,306000
29,20,16321,5,6,1957,1600,1600,0,1600,1,0,1,207500
30,30,6324,4,6,1927,520,520,0,520,1,0,1,68500
31,70,8500,4,4,1920,1317,649,668,1317,1,0,1,40000
32,20,8544,5,6,1966,1228,1228,0,1228,1,1,1,149350
33,20,11049,8,5,2007,1234,1234,0,1234,2,0,2,179900
34,20,10552,5,5,1959,1700,1700,0,1700,1,1,2,165500
35,120,7313,9,5,2005,1561,1561,0,1561,2,0,2,277500
36,60,13418,8,5,2004,2452,1132,1320,2452,3,1,3,309000
37,20,10859,5,5,1994,1097,1097,0,1097,1,1,2,145000
38,20,8532,5,6,1954,1297,1297,0,1297,1,0,2,153000
39,20,7922,5,7,1953,1057,1057,0,1057,1,0,1,109000
40,90,6040,4,5,1955,1152,1152,0,1152,2,0,0,82000
41,20,8658,6,5,1965,1324,1324,0,1324,2,0,2,160000
42,20,16905,5,6,1959,1328,1328,0,1328,1,1,1,170000
43,85,9180,5,7,1983,884,884,0,884,1,0,2,144000
44,20,9200,5,6,1975,938,938,0,938,1,0,1,130250
45,20,7945,5,6,1959,1150,1150,0,1150,1,0,1,141000
46,120,7658,9,5,2005,1752,1752,0,1752,2,0,2,319900
47,50,12822,7,5,2003,2149,1518,631,2149,1,1,2,239686
48,20,11096,8,5,2006,1656,1656,0,1656,2,0,3,249700
49,190,4456,4,5,1920,1452,736,716,1452,2,0,0,113000
50,20,7742,5,7,1966,955,955,0,955,1,0,1,127000
51,60,13869,6,6,1997,1470,794,676,1470,2,0,2,177000
52,50,6240,6,6,1934,1176,816,0,1176,1,0,2,114500
53,90,8472,5,5,1963,816,816,0,816,1,0,2,110000
54,20,50271,9,5,1981,1842,1842,0,1842,0,1,3,385000
55,80,7134,5,5,1955,1360,1360,0,1360,1,0,2,130000
56,20,10175,6,5,1964,1425,1425,0,1425,2,0,2,180500
57,160,2645,8,5,1999,1739,983,756,1739,2,1,2,172500
58,60,11645,7,5,2004,1720,860,860,1720,2,1,2,196500
59,60,13682,10,5,2006,2945,1426,1519,2945,3,1,3,438780
60,20,7200,5,7,1972,780,780,0,780,1,0,1,124900
61,20,13072,6,5,2004,1158,1158,0,1158,1,1,2,158000
62,75,7200,5,7,1920,1111,581,530,1111,1,0,1,101000
63,120,6442,8,5,2006,1370,1370,0,1370,2,0,2,202500
64,70,10300,7,6,1921,1710,902,808,1710,2,0,2,140000
65,60,9375,7,5,1997,2034,1057,977,2034,2,1,2,219500
66,60,9591,8,5,2004,2473,1143,1330,2473,2,1,3,317000
67,20,19900,7,5,1970,2207,2207,0,2207,2,0,2,180000
68,20,10665,7,5,2003,1479,1479,0,1479,2,0,2,226000
69,30,4608,4,6,1945,747,747,0,747,1,0,1,80000
70,50,15593,7,4,1953,2287,1304,983,2287,2,0,2,225000
71,20,13651,7,6,1973,2223,2223,0,2223,2,0,2,244000
72,20,7599,4,6,1982,845,845,0,845,1,0,2,129500
73,60,10141,7,5,1998,1718,885,833,1718,2,1,2,185000
74,20,10200,5,7,1954,1086,1086,0,1086,1,0,2,144900
75,50,5790,3,6,1915,1605,840,765,1605,2,0,1,107400
76,180,1596,4,5,1973,988,526,462,988,1,0,1,91000
77,20,8475,4,7,1956,952,952,0,952,1,0,1,135750
78,50,8635,5,5,1948,1285,1072,213,1285,1,0,1,127000
79,90,10778,4,5,1968,1768,1768,0,1768,2,0,0,136500
80,50,10440,5,6,1910,1230,682,548,1230,1,1,2,110000
81,60,13000,6,6,1968,2142,1182,960,2142,2,1,1,193500
82,120,4500,6,5,1998,1337,1337,0,1337,2,0,2,153500
83,20,10206,8,5,2007,1563,1563,0,1563,2,0,3,245000
84,20,8892,5,5,1960,1065,1065,0,1065,1,1,2,126500
85,80,8530,7,5,1995,1474,804,670,1474,2,1,2,168500
86,60,16059,8,5,1991,2417,1301,1116,2417,2,1,2,260000
87,60,11911,6,5,2005,1560,684,876,1560,2,1,2,174000
88,160,3951,6,5,2009,1224,612,612,1224,2,1,2,164500
89,50,8470,3,2,1915,1526,1013,0,1526,1,0,0,85000
90,20,8070,4,5,1994,990,990,0,990,1,0,0,123600
91,20,7200,4,5,1950,1040,1040,0,1040,1,0,2,109900
92,20,8500,5,3,1961,1235,1235,0,1235,1,0,2,98600
93,30,13360,5,7,1921,964,964,0,964,1,0,2,163500
94,190,7200,6,6,1910,2291,1260,1031,2291,2,0,2,133900
95,60,9337,6,5,1997,1786,905,881,1786,2,1,2,204750
96,60,9765,6,8,1993,1470,680,790,1470,2,1,2,185000
97,20,10264,7,5,1999,1588,1588,0,1588,2,0,2,214000
98,20,10921,4,5,1965,960,960,0,960,1,0,1,94750
99,30,10625,5,5,1920,835,835,0,835,1,0,1,83000
100,20,9320,4,5,1959,1225,1225,0,1225,1,1,0,128950
101,20,10603,6,7,1977,1610,1610,0,1610,2,0,2,205000
102,60,9206,6,5,1985,1732,977,755,1732,2,1,2,178000
103,90,7018,5,5,1979,1535,1535,0,1535,2,0,2,118964
104,20,10402,7,5,2009,1226,1226,0,1226,2,0,3,198900
105,50,7758,7,4,1931,1818,1226,592,1818,1,1,1,169500
106,60,9375,8,5,2003,1992,1053,939,1992,2,1,2,250000
107,30,10800,4,7,1885,1047,1047,0,1047,1,0,1,100000
108,20,6000,5,5,1948,789,789,0,789,1,0,1,115000
109,50,8500,5,7,1919,1517,997,520,1517,2,0,0,115000
110,20,11751,6,6,1977,1844,1844,0,1844,2,0,2,190000
111,50,9525,6,4,1954,1855,1216,639,1855,2,0,1,136900
112,80,7750,7,5,2000,1430,774,656,1430,2,1,2,180000
113,60,9965,7,5,2007,2696,1282,1414,2696,2,1,3,383970
114,20,21000,6,5,1953,2259,2259,0,2259,2,0,2,217000
115,70,7259,6,8,1945,2320,1436,884,2320,2,1,1,259500
116,160,3230,6,5,1999,1458,729,729,1458,2,1,2,176000
117,20,11616,5,5,1962,1092,1092,0,1092,1,0,1,139000
118,20,8536,5,5,2006,1125,1125,0,1125,1,1,2,155000
119,60,12376,7,5,1990,3222,1699,1523,3222,3,0,3,320000
120,60,8461,6,5,2005,1456,728,728,1456,2,1,2,163990
121,80,21453,6,5,1969,988,988,0,988,1,0,2,180000
122,50,6060,4,5,1939,1123,772,351,1123,1,0,1,100000
123,20,9464,6,7,1958,1080,1080,0,1080,1,0,1,136000
124,120,7892,6,5,1993,1199,1199,0,1199,2,0,2,153900
125,20,17043,6,5,1979,1586,1586,0,1586,2,0,2,181000
126,190,6780,6,8,1935,754,520,0,754,1,0,0,84500
127,120,4928,6,5,1976,958,958,0,958,2,0,2,128000
128,45,4388,5,7,1930,840,840,0,840,1,0,0,87000
129,60,7590,6,5,1966,1348,660,688,1348,1,1,2,155000
130,20,8973,5,7,1958,1053,1053,0,1053,1,1,2,150000
131,60,14200,7,6,1966,2157,1216,941,2157,2,1,2,226000
132,60,12224,6,5,2000,2054,1022,1032,2054,2,1,2,244000
133,20,7388,5,6,1959,1327,1327,0,1327,1,0,2,150750
134,20,6853,8,5,2001,1296,1296,0,1296,2,0,2,220000
135,20,10335,5,6,1968,1721,1721,0,1721,2,1,2,180000
136,20,10400,7,6,1970,1682,1682,0,1682,2,0,2,174000
137,20,10355,5,5,1967,1214,1214,0,1214,2,0,1,143000
138,90,11070,7,5,1988,1959,1959,0,1959,3,0,3,171000
139,60,9066,8,5,1999,1852,1004,848,1852,2,1,3,230000
140,60,15426,6,5,1997,1764,928,836,1764,2,1,2,231500
141,20,10500,4,5,1971,864,864,0,864,1,0,0,115000
142,20,11645,7,5,2005,1734,1734,0,1734,2,0,2,260000
143,50,8520,5,4,1952,1385,910,475,1385,2,0,2,166000
144,20,10335,7,5,1999,1501,1501,0,1501,2,0,2,204000
145,90,9100,5,5,1963,1728,1728,0,1728,2,0,2,125000
146,160,2522,6,5,2004,1709,970,739,1709,2,0,2,130000
147,30,6120,5,7,1931,875,875,0,875,1,0,1,105000
148,60,9505,7,5,2001,2035,884,1151,2035,2,1,2,222500
149,20,7500,7,5,2004,1080,1080,0,1080,1,0,0,141000
150,50,6240,5,4,1936,1344,896,448,1344,1,0,1,115000
151,20,10356,5,6,1975,969,969,0,969,1,1,2,122000
152,20,13891,8,5,2007,1710,1710,0,1710,2,0,3,372402
153,60,14803,6,5,1971,1993,1097,896,1993,2,1,2,190000
154,20,13500,6,7,1960,1252,1252,0,1252,1,0,2,235000
155,30,11340,6,5,1923,1200,1200,0,1200,1,0,1,125000
156,50,9600,6,5,1924,1096,572,524,1096,1,0,0,79000
157,20,7200,5,7,1950,1040,1040,0,1040,1,0,2,109500
158,60,12003,8,5,2009,1968,774,1194,1968,2,1,3,269500
159,60,12552,7,5,2004,1947,991,956,1947,2,1,2,254900
160,60,19378,7,5,2005,2462,1392,1070,2462,2,1,2,320000
161,20,11120,6,6,1984,1232,1232,0,1232,2,0,2,162500
162,60,13688,9,5,2003,2668,1572,1096,2668,2,1,3,412500
163,20,12182,7,5,2005,1541,1541,0,1541,2,0,2,220000
164,45,5500,4,6,1956,882,882,0,882,1,0,0,103200
165,40,5400,6,7,1926,1616,1149,467,1616,2,0,1,152000
166,190,10106,5,7,1940,1355,808,547,1355,2,0,0,127500
167,20,10708,5,5,1955,1867,1867,0,1867,1,0,1,190000
168,60,10562,8,5,2007,2161,1610,551,2161,1,1,3,325624
169,60,8244,7,5,2004,1720,840,880,1720,2,1,2,183500
170,20,16669,8,6,1981,1707,1707,0,1707,2,1,2,228000
171,50,12358,5,6,1941,1382,854,0,1382,1,1,2,128500
172,20,31770,6,5,1960,1656,1656,0,1656,1,0,2,215000
173,160,5306,7,7,1987,1767,1064,703,1767,2,0,2,239000
174,20,10197,6,5,1961,1362,1362,0,1362,1,1,2,163000
175,20,12416,6,5,1986,1651,1651,0,1651,2,0,2,184000
176,20,12615,6,7,1950,2158,2158,0,2158,2,0,2,243000
177,60,10029,6,5,1988,2060,1164,896,2060,2,1,2,211000
178,50,13650,5,5,1958,1920,1252,668,1920,2,0,2,172500
179,20,17423,9,5,2008,2234,2234,0,2234,2,0,3,501837
180,30,8520,5,6,1923,968,968,0,968,1,0,2,100000
181,160,2117,6,5,2000,1525,769,756,1525,2,1,2,177000
182,70,7588,7,6,1920,1802,901,901,1802,1,1,1,200100
183,20,9060,5,6,1957,1340,1340,0,1340,1,0,1,120000
184,50,11426,7,5,2003,2082,1362,720,2082,2,1,2,200000
185,50,7438,5,8,1908,1252,936,316,1252,1,0,2,127000
186,75,22950,10,9,1892,3608,1518,1518,3608,2,1,3,475000
187,80,9947,7,5,1990,1217,1217,0,1217,2,0,2,173000
188,50,10410,5,7,1916,1656,808,704,1656,2,1,1,135000
189,90,7018,5,5,1979,1224,1224,0,1224,0,2,2,153337
190,120,4923,8,5,2001,1593,1593,0,1593,1,1,2,286000
191,70,10570,8,8,1932,2727,1549,1178,2727,2,1,2,315000
192,60,7472,7,9,1972,1479,725,754,1479,1,1,2,184000
193,20,9017,7,5,1999,1431,1431,0,1431,2,0,2,192000
194,160,2522,7,5,2004,1709,970,739,1709,2,0,2,130000
195,20,7180,5,7,1972,864,864,0,864,1,0,1,127000
196,160,2280,6,6,1976,1456,855,601,1456,2,1,2,148500
197,20,9416,7,5,2007,1726,1726,0,1726,2,0,3,311872
198,75,25419,8,4,1918,3112,1360,1360,3112,2,0,2,235000
199,75,5520,6,6,1912,2229,929,929,2229,1,0,0,104000
200,20,9591,8,5,2004,1713,1713,0,1713,2,0,3,274900
201,20,8546,4,5,2003,1121,1121,0,1121,2,0,2,140000
202,20,10125,6,6,1977,1279,1279,0,1279,2,0,2,171500
203,50,7000,6,6,1924,1310,865,445,1310,2,0,1,112000
204,120,4438,6,5,2004,848,848,0,848,1,0,2,149000
205,50,3500,5,7,1947,1284,720,564,1284,1,1,1,110000
206,20,11851,7,5,1990,1442,1442,0,1442,2,0,2,180500
207,20,13673,5,5,1962,1696,1696,0,1696,1,1,1,143900
208,20,12493,4,5,1960,1100,1100,0,1100,1,0,1,141000
209,60,14364,7,5,1988,2062,1180,882,2062,2,1,2,277000
210,20,8250,6,7,1964,1092,1092,0,1092,1,0,2,145000
211,30,5604,5,6,1925,864,864,0,864,1,0,0,98000
212,20,10420,6,5,2009,1212,1212,0,1212,2,0,2,186000
213,60,8640,7,5,2009,1852,932,920,1852,2,1,2,252678
214,20,13568,5,5,1995,990,990,0,990,1,0,2,156000
215,60,10900,6,7,1977,1392,689,703,1392,1,1,1,161750
216,20,10011,5,6,1957,1236,1236,0,1236,1,0,1,134450
217,20,8450,7,5,2004,1436,1436,0,1436,2,0,2,210000
218,70,9906,4,4,1925,1328,810,518,1328,1,0,1,107000
219,50,15660,7,9,1939,1954,1137,817,1954,1,1,2,311500
220,120,3010,7,5,2005,1248,1248,0,1248,2,0,2,167240
221,20,8990,7,5,2006,1498,1498,0,1498,2,0,2,204900
222,60,8068,6,5,2002,2267,1010,1257,2267,2,1,2,200000
223,60,11475,6,6,1975,1552,811,741,1552,2,1,2,179900
224,20,10500,4,6,1971,864,864,0,864,1,0,2,97000
225,20,13472,10,5,2003,2392,2392,0,2392,2,0,3,386250
226,160,1680,5,5,1971,1302,630,672,1302,2,1,1,112000
227,60,9950,7,5,1995,2520,1214,1306,2520,2,1,3,290000
228,160,1869,6,6,1970,987,483,504,987,1,1,1,106000
229,20,8521,5,5,1967,912,912,0,912,1,0,1,125000
230,120,3182,7,5,2005,1555,1555,0,1555,2,0,2,192500
231,20,8760,6,6,1959,1194,1194,0,1194,1,0,1,148000
232,60,15138,8,5,1995,2794,1490,1304,2794,2,1,3,403000
233,160,1680,6,5,1972,987,483,504,987,1,1,1,94500
234,20,10650,5,6,1976,894,894,0,894,1,0,1,128200
235,60,7851,6,5,2002,1960,860,1100,1960,2,1,2,216500
236,160,1680,6,3,1971,987,483,504,987,1,1,1,89500
237,20,8773,7,5,2004,1414,1414,0,1414,2,0,2,185500
238,60,9453,7,7,1993,1744,1014,730,1744,2,1,2,194500
239,20,12030,8,5,2007,1694,1694,0,1694,2,0,3,318000
240,50,8741,6,4,1945,1487,798,689,1487,1,1,1,113000
241,20,9000,8,5,2008,1566,1566,0,1566,2,0,2,262500
242,30,3880,5,9,1945,866,866,0,866,1,0,0,110500
243,50,5000,5,4,1900,1440,889,551,1440,1,0,1,79000
244,160,10762,6,6,1980,1217,626,591,1217,1,1,1,120000
245,60,8880,7,5,1994,2110,1222,888,2110,2,1,2,205000
246,20,10400,7,5,1988,1872,1872,0,1872,2,0,2,241500
247,190,9142,6,8,1910,1928,908,1020,1928,2,0,1,137000
248,20,11310,6,5,1954,1375,1375,0,1375,1,0,2,140000
249,60,11317,7,5,2003,1668,840,828,1668,2,1,2,180000
250,50,159000,6,7,1958,2144,1444,700,2144,2,0,2,277000
251,30,5350,3,2,1940,1306,1306,0,1306,1,0,0,76500
252,120,4750,8,5,2006,1625,1625,0,1625,2,0,2,235000
253,60,8366,6,5,2004,1640,798,842,1640,2,1,2,173000
254,80,9350,6,7,1964,1302,1302,0,1302,2,0,1,158000
255,20,8400,5,6,1957,1314,1314,0,1314,1,0,1,145000
256,60,8738,7,5,1999,2291,1005,1286,2291,2,1,2,230000
257,60,8791,6,5,2003,1728,864,864,1728,2,1,2,207500
258,20,8814,7,5,2006,1604,1604,0,1604,2,1,2,220000
259,60,12435,7,5,2001,1792,963,829,1792,2,1,2,231500
260,20,12702,5,5,1956,882,882,0,882,1,0,1,97000
261,80,19296,6,5,1962,1382,1382,0,1382,1,0,2,176000
262,60,9588,8,5,2007,2574,1482,1092,2574,2,1,3,276000
263,80,8471,6,7,1977,1212,1212,0,1212,1,0,2,151000
264,50,5500,5,7,1929,1316,926,0,1316,1,0,2,130000
265,30,5232,5,5,1925,764,764,0,764,1,0,2,73000
266,20,12090,6,6,1981,1422,1422,0,1422,2,0,2,175500
267,60,11207,6,5,1997,1511,802,709,1511,2,1,2,185000
268,75,8400,5,8,1939,2192,1052,720,2192,2,1,1,179500
269,30,6900,5,6,1940,778,778,0,778,1,0,1,120500
270,20,7917,6,7,1976,1113,1113,0,1113,1,1,1,148000
271,60,10728,8,5,2006,1939,1095,844,1939,2,1,3,266000
272,20,39104,7,7,1954,1363,1363,0,1363,1,0,2,241500
273,60,11764,8,7,1999,2270,1164,1106,2270,2,1,3,290000
274,20,9600,6,6,1958,1632,1632,0,1632,2,0,1,139000
275,20,8314,5,7,1982,816,816,0,816,1,0,1,124500
276,50,7264,7,7,1925,1548,952,596,1548,2,1,2,205000
277,20,9196,7,5,2003,1560,1560,0,1560,2,0,2,201000
278,20,19138,4,5,1951,864,864,0,864,1,0,2,141000
279,20,14450,9,5,2006,2121,2121,0,2121,2,1,3,415298
280,60,10005,7,5,1977,2022,1156,866,2022,2,1,2,192000
281,60,11287,7,6,1989,1982,1175,807,1982,2,1,2,228500
282,20,7200,6,5,2006,1262,1262,0,1262,2,0,2,185000
283,120,5063,7,5,2007,1314,1314,0,1314,2,0,2,207500
284,20,9612,8,5,2008,1468,1468,0,1468,2,0,3,244600
285,120,8012,6,5,1992,1575,1575,0,1575,2,0,2,179200
286,160,4251,7,5,2006,1250,625,625,1250,2,1,2,164700
287,50,9786,6,7,1962,1734,1085,649,1734,1,1,2,159000
288,20,8125,4,4,1971,858,858,0,858,1,0,0,88000
289,20,9819,5,5,1967,900,900,0,900,1,0,1,122000
290,70,8730,6,7,1915,1396,698,698,1396,1,0,1,153575
291,60,15611,8,5,2006,1919,1079,840,1919,2,1,2,233230
292,190,5687,5,6,1912,1716,936,780,1716,2,0,0,135900
293,50,11409,5,4,1949,1716,1148,568,1716,1,1,1,131000
294,60,16659,7,7,1977,2263,1468,795,2263,2,1,2,235000
295,20,9600,6,5,1953,1644,1644,0,1644,1,0,2,167000
296,80,7937,6,6,1984,1003,1003,0,1003,1,0,2,142500
297,50,13710,5,5,1950,1558,910,648,1558,1,1,1,152000
298,60,7399,7,5,1997,1950,975,975,1950,2,1,2,239000
299,60,11700,6,6,1968,1743,1041,702,1743,1,2,2,175000
300,20,14000,6,8,1950,1152,1152,0,1152,1,0,1,158500
301,190,15750,5,5,1953,1336,1336,0,1336,1,0,1,157000
302,60,16226,8,5,1998,2452,1210,1242,2452,2,1,2,267000
303,20,13704,7,5,2001,1541,1541,0,1541,2,0,3,205000
304,20,9800,5,7,1972,894,894,0,894,1,0,2,149900
305,75,18386,7,9,1880,3493,1675,1818,3493,3,0,3,295000
306,20,10386,8,5,2004,2000,2000,0,2000,2,0,3,305900
307,60,13474,7,5,1990,2243,1122,1121,2243,2,1,3,225000
308,50,7920,6,7,1920,1406,1035,371,1406,1,0,0,89500
309,30,12342,4,5,1940,861,861,0,861,1,0,2,82500
310,20,12378,9,5,2003,1944,1944,0,1944,2,0,3,360000
311,60,7685,6,5,1993,1501,697,804,1501,2,1,2,165600
312,20,8000,6,6,1948,972,972,0,972,1,0,1,132000
313,190,7800,5,7,1939,1118,793,325,1118,1,0,2,119900
314,20,215245,7,5,1965,2036,2036,0,2036,2,0,2,375000
315,70,9600,7,7,1925,1641,832,809,1641,1,1,2,178000
316,60,7795,7,5,2004,1432,716,716,1432,2,1,2,188500
317,60,13005,7,7,1980,2353,1153,1200,2353,2,1,2,260000
318,60,9000,8,5,2006,1959,1088,871,1959,2,1,3,270000
319,60,9900,7,5,1993,2646,1372,1274,2646,2,1,3,260000
320,80,14115,7,5,1980,1472,1472,0,1472,2,0,2,187500
321,60,16259,9,5,2006,2596,1249,1347,2596,3,1,3,342643
322,60,12099,8,5,2004,2468,1136,1332,2468,2,1,3,354000
323,60,10380,7,5,1986,2730,1553,1177,2730,2,1,2,301000
324,20,5820,3,8,1955,1163,1163,0,1163,1,0,1,126175
325,80,11275,7,7,1967,2978,1898,1080,2978,2,1,2,242000
326,45,5000,5,6,1941,803,803,0,803,1,0,2,87000
327,120,10846,8,5,1993,1719,1719,0,1719,1,1,2,324000
328,20,11600,6,5,1960,1383,1383,0,1383,1,1,1,145250
329,75,11888,6,6,1916,2134,1445,689,2134,2,0,2,214500
330,70,6402,5,5,1920,1192,596,596,1192,1,0,1,78000
331,90,10624,5,4,1964,1728,1728,0,1728,2,0,1,119000
332,20,8176,5,6,1958,1056,1056,0,1056,1,0,1,139000
333,20,10655,8,5,2003,1629,1629,0,1629,2,0,3,284000
334,120,8198,7,5,2004,1358,1358,0,1358,2,0,2,207000
335,60,9042,6,5,1998,1638,943,695,1638,2,1,2,192000
336,190,164660,5,6,1965,1786,1619,167,1786,2,0,2,228950
337,20,14157,9,5,2005,1922,1922,0,1922,2,0,3,377426
338,20,9135,7,5,2002,1536,1536,0,1536,2,0,2,214000
339,20,14145,7,7,1984,1621,1621,0,1621,2,0,2,202500
340,20,12400,6,7,1958,1215,1215,0,1215,1,0,1,155000
341,60,14191,8,5,2002,1908,993,915,1908,2,1,2,202900
342,20,8400,4,4,1950,841,841,0,841,1,0,1,82000
343,90,8544,3,4,1949,1040,1040,0,1040,2,0,2,87500
344,120,8849,9,5,2005,1684,1684,0,1684,2,0,2,266000
345,160,2592,5,3,1976,1112,536,576,1112,1,1,1,85000
346,50,6435,6,5,1939,1577,972,605,1577,1,0,1,140200
347,20,12772,6,8,1960,958,958,0,958,1,0,1,151500
348,20,17600,6,5,1960,1478,1478,0,1478,2,0,2,157500
349,160,2448,7,5,2003,1626,764,862,1626,2,1,2,154000
350,60,20431,9,5,2005,2728,1848,880,2728,2,1,3,437154
351,120,7820,9,5,2007,1869,1869,0,1869,2,0,2,318061
352,120,5271,7,5,1986,1453,1453,0,1453,1,1,2,190000
353,50,9084,5,6,1941,1111,616,495,1111,1,0,1,95000
354,30,8520,6,8,1928,720,720,0,720,1,0,2,105900
355,50,8400,6,5,1940,1595,1192,403,1595,1,0,1,140000
356,20,11249,6,5,1995,1200,1200,0,1200,2,0,2,177500
357,20,9248,6,6,1992,1167,1167,0,1167,2,0,2,173000
358,120,4224,5,5,1976,1142,1142,0,1142,1,1,2,134000
359,80,6930,5,4,1958,1352,1352,0,1352,1,0,1,130000
360,60,12011,8,5,1998,1924,1086,838,1924,2,1,2,280000
361,85,7540,6,6,1978,912,912,0,912,1,0,2,156000
362,50,9144,5,5,1940,1505,988,517,1505,1,0,1,145000
363,85,7301,7,5,2003,1922,495,1427,1922,3,0,2,198500
364,160,1680,6,8,1972,987,483,504,987,1,1,1,118000
365,60,18800,6,5,1976,1574,790,784,1574,2,1,2,190000
366,70,10690,5,7,1920,1344,672,672,1344,1,0,1,147000
367,20,9500,6,5,1963,1394,1394,0,1394,1,1,2,159000
368,80,9150,6,5,1962,1431,1431,0,1431,1,0,1,165000
369,20,7800,5,6,1954,1268,1268,0,1268,1,0,1,132000
370,20,9830,5,7,1959,1287,1287,0,1287,1,0,2,162000
371,60,8121,6,5,2000,1664,953,711,1664,2,1,2,172400
372,50,17120,4,4,1959,1588,1120,468,1588,2,0,2,134432
373,120,7175,6,5,1984,752,752,0,752,1,0,1,125000
374,20,10634,5,6,1953,1319,1319,0,1319,1,0,1,123000
375,60,8200,7,5,2003,1928,847,1081,1928,2,1,2,219500
376,30,10020,1,1,1922,904,904,0,904,0,1,0,61000
377,85,8846,5,5,1996,914,914,0,914,1,0,2,148000
378,60,11143,8,5,2004,2466,1580,886,2466,3,0,2,340000
379,20,11394,9,2,2010,1856,1856,0,1856,1,1,3,394432
380,60,8123,6,5,2000,1800,1007,793,1800,2,1,2,179000
381,50,5000,5,6,1924,1691,1026,665,1691,2,0,1,127000
382,20,7200,7,5,2006,1301,1301,0,1301,2,0,2,187750
383,60,9245,7,5,2006,1797,939,858,1797,2,1,2,213500
384,45,9000,6,3,1928,784,784,0,784,1,0,2,76000
385,60,53107,6,5,1992,1953,1079,874,1953,2,1,2,240000
386,120,3182,8,5,2004,1269,1269,0,1269,2,0,2,192000
387,50,8410,5,3,1910,1184,658,526,1184,1,0,0,81000
388,80,7200,6,6,1976,1125,1125,0,1125,1,0,1,125000
389,20,9382,7,5,1999,1479,1479,0,1479,2,0,2,191000
390,60,12474,10,5,2007,2332,1742,590,2332,2,1,3,426000
391,50,8405,5,8,1900,1367,961,406,1367,1,0,1,119000
392,60,12209,6,5,2001,1961,804,1157,1961,2,1,2,215000
393,20,8339,5,7,1959,882,882,0,882,1,0,1,106500
394,30,7446,4,5,1941,788,788,0,788,1,0,0,100000
395,50,10134,5,6,1940,1034,735,299,1034,1,0,1,109000
396,20,9571,5,6,1956,1144,1144,0,1144,1,0,1,129000
397,20,7200,5,5,1972,894,894,0,894,1,0,2,123000
398,60,7590,5,5,1962,1812,876,936,1812,2,0,1,169500
399,30,8967,5,2,1920,1077,1077,0,1077,1,0,1,67000
400,60,8125,7,5,2006,1550,1112,438,1550,2,0,2,241000
401,120,14963,8,5,1996,1288,1288,0,1288,1,1,2,245500
402,20,8767,7,5,2005,1310,1310,0,1310,2,0,2,164990
403,30,10200,5,8,1940,672,672,0,672,1,0,1,108000
404,60,12090,8,5,1998,2263,1165,1098,2263,2,1,2,258000
405,60,10364,6,5,1995,1572,806,766,1572,2,1,2,168000
406,20,9991,4,4,1976,1620,1620,0,1620,2,0,2,150000
407,50,10480,6,5,1936,1639,1166,0,1639,1,0,1,115000
408,70,15576,6,7,1915,1680,840,840,1680,2,0,1,177000
409,60,14154,7,5,2006,2172,1071,1101,2172,2,1,3,280000
410,60,10800,8,5,2007,2078,1050,1028,2078,2,1,3,339750
411,20,9571,5,3,1958,1276,1276,0,1276,1,0,1,60000
412,190,34650,5,5,1955,1056,1056,0,1056,1,0,2,145000
413,20,4403,7,5,2009,1478,1478,0,1478,2,1,2,222000
414,30,8960,5,6,1927,1028,1028,0,1028,1,0,2,115000
415,60,11228,7,5,1993,2097,1080,1017,2097,2,1,3,228000
416,20,8899,7,5,2007,1340,1340,0,1340,2,0,2,181134
417,60,7844,6,7,1978,1400,672,728,1400,1,1,2,149500
418,70,22420,6,6,1918,2624,1370,1254,2624,2,1,3,239000
419,50,8160,5,6,1940,1134,756,378,1134,1,1,1,126000
420,20,8450,5,6,1968,1056,1056,0,1056,1,0,1,142000
421,90,7060,7,5,1997,1344,1344,0,1344,2,0,4,206300
422,20,16635,6,7,1977,1602,1602,0,1602,2,0,2,215000
423,20,21750,5,5,1954,988,988,0,988,1,0,2,113000
424,60,9200,8,5,1998,2630,1470,1160,2630,2,1,3,315000
425,20,9000,6,5,1956,1196,1196,0,1196,1,0,1,139000
426,60,3378,7,8,1946,1389,707,682,1389,1,1,1,135000
427,80,12800,7,5,1989,1644,1644,0,1644,2,0,2,275000
428,20,8593,4,6,1957,907,907,0,907,1,0,1,109008
429,20,6762,7,5,2007,1208,1208,0,1208,2,0,2,195400
430,20,11457,6,5,1988,1412,1412,0,1412,2,0,2,175000
431,160,1680,6,5,1971,987,483,504,987,1,1,1,85400
432,50,5586,6,7,1920,1198,1088,110,1198,1,0,0,79900
433,160,1920,5,5,1971,1365,765,600,1365,1,1,2,122500
434,60,10839,6,5,1997,1604,926,678,1604,2,1,2,181000
435,180,1890,4,7,1972,630,630,0,630,1,0,0,81000
436,60,10667,7,6,1996,1661,827,834,1661,2,1,2,212000
437,50,4400,6,8,1920,1118,734,384,1118,1,0,2,116000
438,45,6000,6,7,1926,904,904,0,904,1,0,1,119000
439,30,4280,5,6,1913,694,694,0,694,1,0,1,90350
440,50,12354,6,8,1920,1196,684,512,1196,1,0,2,110000
441,20,15431,10,5,2008,2402,2402,0,2402,2,0,3,555000
442,90,12108,4,4,1955,1440,1440,0,1440,2,0,0,118000
443,50,6240,5,7,1930,1573,1128,445,1573,2,0,2,162900
444,120,3922,7,5,2006,1258,1258,0,1258,2,0,3,172500
445,60,8750,7,5,1994,1908,933,975,1908,2,1,2,210000
446,20,9855,6,5,1956,1689,1689,0,1689,1,0,2,127500
447,20,16492,6,6,1966,1888,1888,0,1888,2,1,2,190000
448,60,11214,7,5,1998,1886,956,930,1886,2,1,2,199900
449,50,8600,6,6,1937,1376,780,596,1376,2,0,1,119500
450,50,6000,3,7,1948,1183,679,504,1183,1,1,1,120000
451,30,5684,6,8,1930,813,813,0,813,1,0,1,110000
452,20,70761,7,5,1975,1533,1533,0,1533,2,0,2,280000
453,60,9303,6,5,1996,1756,888,868,1756,2,1,2,204000
454,60,9000,8,5,2008,1590,786,804,1590,2,1,2,210000
455,90,9297,5,5,1976,1728,1728,0,1728,2,0,2,188000
456,20,9600,7,6,1973,1242,1242,0,1242,1,1,2,175500
457,70,4571,5,5,1916,1344,624,720,1344,1,0,3,98000
458,20,53227,4,6,1954,1663,1663,0,1663,1,0,2,256000
459,70,5100,8,7,1925,1666,833,833,1666,1,0,1,161000
460,50,7015,5,4,1950,1203,979,224,1203,1,0,1,110000
461,60,8004,8,5,2009,1935,832,1103,1935,2,1,2,263435
462,70,7200,7,9,1936,1135,575,560,1135,1,0,2,155000
463,20,8281,5,5,1965,864,864,0,864,1,0,1,62383
464,70,11988,6,7,1934,1660,849,811,1660,1,1,1,188700
465,20,8430,5,5,1978,1040,1040,0,1040,2,0,0,124000
466,120,3072,7,5,2004,1414,1414,0,1414,2,0,2,178740
467,20,10628,7,5,1970,1277,1277,0,1277,1,0,2,167000
468,70,9480,5,7,1942,1644,888,756,1644,1,1,1,146500
469,20,11428,8,5,2006,1634,1634,0,1634,2,0,3,250000
470,60,9291,6,5,1993,1710,832,878,1710,2,1,2,187000
471,120,6820,8,5,1985,1502,1502,0,1502,1,1,2,212000
472,60,11952,7,6,1977,1969,1161,808,1969,2,1,2,190000
473,180,3675,6,5,2005,1072,1072,0,1072,1,0,2,148000
474,20,14977,8,5,2006,1976,1976,0,1976,2,0,3,440000
475,120,5330,8,5,2000,1652,1652,0,1652,2,0,2,251000
476,20,8480,5,6,1963,970,970,0,970,1,0,2,132500
477,20,13125,6,5,1997,1493,1493,0,1493,2,0,2,208900
478,60,13693,9,5,2006,2643,2069,574,2643,2,1,3,380000
479,20,10637,8,5,2007,1718,1718,0,1718,2,0,3,297000
480,30,5925,4,7,1937,1131,1131,0,1131,1,0,2,89471
481,20,16033,9,5,2004,1850,1850,0,1850,2,0,3,326000
482,20,11846,9,5,2003,1792,1792,0,1792,2,0,3,374000
483,70,2500,7,8,1915,1826,916,910,1826,1,1,1,155000
484,120,4500,6,5,1998,1216,1216,0,1216,2,0,2,164000
485,20,7758,5,7,1962,999,999,0,999,1,0,1,132500
486,20,9600,5,7,1950,1113,1113,0,1113,1,0,1,147000
487,20,10289,5,7,1965,1073,1073,0,1073,1,1,2,156000
488,20,12243,5,6,1971,1484,1484,0,1484,2,0,2,175000
489,190,10800,5,4,1900,2414,1766,648,2414,2,0,2,160000
490,180,1526,4,8,1970,630,630,0,630,1,0,1,86000
491,160,2665,5,6,1976,1304,616,688,1304,1,1,1,115000
492,50,9490,6,7,1941,1578,958,620,1578,1,0,1,133000
493,60,15578,6,5,2006,1456,728,728,1456,2,1,2,172785
494,20,7931,5,6,1960,1269,1269,0,1269,1,1,1,155000
495,30,5784,5,8,1938,886,886,0,886,1,0,1,91300
496,30,7879,4,5,1920,720,720,0,720,1,0,0,34900
497,20,12692,8,5,1992,3228,3228,0,3228,3,0,2,430000
498,50,9120,7,6,1925,1820,1133,687,1820,2,0,1,184000
499,20,7800,5,7,1967,899,899,0,899,1,0,1,130000
500,20,7535,5,7,1958,912,912,0,912,1,0,1,120000
501,160,1890,6,5,1973,1218,672,546,1218,1,1,1,113000
502,60,9803,7,5,2005,1768,866,902,1768,2,1,2,226700
503,20,9170,5,7,1965,1214,1214,0,1214,1,0,2,140000
504,20,15602,7,8,1959,1801,1801,0,1801,2,0,2,289000
505,160,2308,6,5,1974,1322,855,467,1322,2,1,2,147000
506,90,7596,5,5,1952,1960,960,1000,1960,2,0,2,124500
507,60,9554,8,5,1993,1911,1065,846,1911,2,1,2,215000
508,20,7862,6,5,2009,1218,1218,0,1218,2,0,2,208300
509,70,9600,7,9,1928,1378,689,689,1378,2,0,2,161000
510,20,9600,5,6,1959,1041,1041,0,1041,1,0,1,124500
511,20,14559,5,7,1951,1363,1363,0,1363,1,0,1,164900
512,120,6792,7,5,2005,1368,1368,0,1368,2,0,2,202665
513,20,9100,5,5,1958,864,864,0,864,1,0,2,129900
514,20,9187,6,5,1983,1080,1080,0,1080,1,1,2,134000
515,45,10594,5,5,1926,789,789,0,789,1,0,1,96500
516,20,12220,10,5,2009,2020,2020,0,2020,2,1,3,402861
517,80,10448,6,6,1972,2119,1378,741,2119,2,1,2,158000
518,60,10208,7,5,1996,2344,1277,1067,2344,2,1,3,265000
519,60,9531,6,5,1998,1796,882,914,1796,2,1,2,211000
520,70,10918,7,9,1926,2080,1276,804,2080,1,1,1,234000
521,190,10800,4,7,1900,1294,694,600,1294,2,0,0,106250
522,20,11988,6,6,1957,1244,1244,0,1244,1,1,1,150000
523,50,5000,6,7,1947,1664,1004,660,1664,2,0,2,159000
524,60,40094,10,5,2007,4676,3138,1538,4676,3,1,3,184750
525,60,11787,7,5,1996,2398,1383,1015,2398,2,1,3,315750
526,20,7500,7,5,2005,1266,1266,0,1266,2,0,2,176000
527,20,13300,5,7,1956,928,928,0,928,1,0,1,132000
528,60,14948,9,5,2008,2713,1476,1237,2713,2,1,3,446261
529,30,9098,4,7,1920,605,605,0,605,1,0,0,86000
530,20,32668,6,3,1957,2515,2515,0,2515,3,0,2,200624
531,80,10200,6,5,1988,1509,1509,0,1509,2,0,2,175000
532,70,6155,6,8,1920,1362,751,611,1362,2,0,2,128000
533,20,7200,5,7,1955,827,827,0,827,1,0,1,107500
534,20,5000,1,3,1946,334,334,0,334,1,0,0,39300
535,60,9056,8,5,2004,1414,707,707,1414,2,1,2,178000
536,190,7000,5,7,1910,1347,820,527,1347,1,0,0,107500
537,60,8924,7,5,1998,1724,880,844,1724,2,1,2,188000
538,20,12735,4,5,1972,864,864,0,864,1,0,2,111250
539,20,11553,5,5,1968,1159,1159,0,1159,1,1,1,158000
540,20,11423,8,5,2001,1601,1601,0,1601,2,0,2,272000
541,20,14601,9,5,2006,1838,1838,0,1838,2,0,3,315000
542,60,11000,8,5,2000,2285,997,1288,2285,2,1,3,248000
543,20,10140,7,5,1998,1680,1680,0,1680,2,0,2,213250
544,120,4058,7,5,1998,767,767,0,767,1,0,1,133000
545,60,17104,7,5,2006,1496,664,832,1496,2,1,2,179665
546,50,13837,7,5,1988,2183,1377,806,2183,2,1,3,229000
547,50,8737,6,7,1923,1635,915,720,1635,1,1,2,210000
548,85,7244,5,7,1970,768,768,0,768,1,0,2,129500
549,20,8235,5,7,1955,825,825,0,825,1,0,2,125000
550,60,9375,7,5,2003,2094,912,1182,2094,2,1,2,263000
551,120,4043,6,6,1977,1069,1069,0,1069,2,0,2,140000
552,20,6000,5,6,1957,928,928,0,928,1,0,1,112500
553,20,11146,8,5,2006,1717,1717,0,1717,2,0,3,255500
554,20,8777,4,5,1949,1126,1126,0,1126,2,0,2,108000
555,60,10625,7,5,2003,2046,1006,1040,2046,2,1,3,284000
556,45,6380,5,6,1922,1048,1048,0,1048,1,0,1,113000
557,20,14850,5,5,1957,1092,1092,0,1092,1,0,1,141000
558,50,11040,4,6,1920,1336,897,439,1336,1,1,1,108000
559,60,21872,7,5,1996,1446,729,717,1446,2,1,2,175000
560,120,3196,7,5,2003,1557,1557,0,1557,2,0,2,234000
561,20,11341,5,6,1957,1392,1392,0,1392,1,1,2,121500
562,20,10010,5,5,1974,1389,1389,0,1389,1,0,2,170000
563,30,13907,5,6,1940,996,996,0,996,1,0,0,108000
564,50,21780,6,7,1918,1674,1163,511,1674,2,0,2,185000
565,60,13346,7,5,1992,2295,1166,1129,2295,2,1,2,268000
566,70,6858,6,4,1915,1647,841,806,1647,1,1,1,128000
567,60,11198,9,5,2005,2504,1134,1370,2504,2,1,3,325000
568,20,10171,7,5,2004,1535,1535,0,1535,2,0,2,214000
569,50,12327,8,8,1983,2132,1496,636,2132,1,1,2,316600
570,90,7032,5,5,1979,943,943,0,943,1,0,2,135960
571,90,13101,5,5,1965,1728,1728,0,1728,2,0,2,142600
572,20,7332,6,6,1959,864,864,0,864,1,0,1,120000
573,60,13159,7,5,2009,1692,846,846,1692,2,1,2,224500
574,80,9967,7,5,2000,1430,774,656,1430,2,1,2,170000
575,80,10500,5,7,1971,1109,576,533,1109,1,0,1,139000
576,50,8480,5,5,1947,1216,832,384,1216,1,0,1,118500
577,50,6292,7,7,1928,1477,877,600,1477,2,0,1,145000
578,80,11777,5,6,1966,1320,1320,0,1320,1,0,2,164500
579,160,3604,7,5,2007,1392,703,689,1392,2,0,2,146000
580,50,12150,5,5,1954,1795,1050,745,1795,2,0,1,131500
581,20,14585,6,6,1960,1429,1429,0,1429,1,0,2,181900
582,20,12704,8,5,2008,2042,2042,0,2042,2,1,3,253293
583,90,11841,6,5,1990,816,816,0,816,1,0,0,118500
584,75,13500,10,9,1893,2775,1521,1254,2775,3,1,2,325000
585,50,6120,4,7,1935,1573,989,584,1573,1,0,1,133000
586,20,11443,8,5,2005,2028,2028,0,2028,2,0,3,369900
587,30,10267,6,7,1918,838,838,0,838,1,0,1,130000
588,85,8740,5,6,1982,860,860,0,860,1,0,2,137000
589,20,25095,5,8,1968,1473,1473,0,1473,1,0,1,143000
590,40,9100,5,6,1930,935,779,0,935,1,0,1,79500
591,60,8320,7,5,2004,1582,770,812,1582,2,1,2,185900
592,60,13478,10,5,2008,2296,1728,568,2296,2,1,3,451950
593,20,6600,5,8,1982,816,816,0,816,1,0,2,138000
594,120,4435,6,5,2003,848,848,0,848,1,0,2,140000
595,20,7990,5,6,1975,924,924,0,924,1,0,1,110000
596,20,11302,8,5,2005,1826,1826,0,1826,2,0,3,319000
597,70,3600,6,7,1910,1368,684,684,1368,1,0,1,114504
598,120,3922,7,5,2006,1402,1402,0,1402,0,2,3,194201
599,20,12984,5,6,1977,1647,1647,0,1647,2,0,2,217500
600,160,1950,6,6,1980,1556,716,840,1556,2,1,2,151000
601,60,10927,8,5,2005,1904,1058,846,1904,2,1,2,275000
602,50,9000,6,6,1937,1375,780,595,1375,1,1,1,141000
603,60,10041,8,5,1992,1915,927,988,1915,2,1,2,220000
604,160,3182,7,5,2004,1200,600,600,1200,2,1,2,151000
605,20,12803,7,5,2002,1494,1494,0,1494,2,0,2,221000
606,60,13600,7,6,1965,1986,1186,800,1986,2,1,2,205000
607,20,12464,5,5,1996,1040,1040,0,1040,1,0,2,152000
608,20,7800,5,8,1948,2008,1112,896,2008,3,0,1,225000
609,70,12168,8,6,1934,3194,1940,1254,3194,2,1,2,359100
610,20,7943,4,5,1961,1029,1029,0,1029,1,0,1,118500
611,60,11050,9,5,2000,2153,1476,677,2153,2,1,3,313000
612,80,10395,6,6,1978,1032,1032,0,1032,2,0,2,148000
613,60,11885,8,5,2001,1872,1299,573,1872,2,1,2,261500
614,20,8402,5,5,2007,1120,1120,0,1120,1,0,0,147000
615,180,1491,4,6,1972,630,630,0,630,1,0,0,75500
616,85,8800,6,7,1963,1054,1054,0,1054,1,0,2,137500
617,60,7861,6,5,2002,1509,807,702,1509,2,1,2,183200
618,45,7227,6,6,1954,832,832,0,832,1,0,2,105500
619,20,11694,9,5,2007,1828,1828,0,1828,2,0,3,314813
620,60,12244,8,5,2003,2262,1482,780,2262,2,1,3,305000
621,30,8248,3,3,1914,864,864,0,864,1,0,0,67000
622,60,10800,6,7,1974,2614,1548,1066,2614,2,1,2,240000
623,20,7064,5,6,1977,980,980,0,980,1,0,2,135000
624,160,2117,6,5,2000,1512,756,756,1512,2,1,2,168500
625,60,10400,6,5,1972,1790,1012,778,1790,1,2,2,165150
626,20,10000,6,6,1962,1116,1116,0,1116,1,1,2,160000
627,20,12342,5,5,1960,1422,1422,0,1422,1,0,1,139900
628,80,9600,6,6,1955,1520,1520,0,1520,1,0,1,153000
629,60,11606,5,5,1969,2080,1040,1040,2080,1,2,2,135000
630,80,9020,6,5,1964,1350,1350,0,1350,1,1,2,168500
631,70,9000,5,6,1880,1750,1089,661,1750,1,0,1,124000
632,120,4590,8,5,2006,1554,1554,0,1554,2,0,2,209500
633,20,11900,7,5,1977,1411,1411,0,1411,2,0,2,82500
634,20,9250,5,7,1954,1056,1056,0,1056,1,0,1,139400
635,90,6979,6,5,1980,1056,1056,0,1056,0,0,2,144000
636,190,10896,6,7,1914,3395,1440,1440,3395,2,0,0,200000
637,30,6120,2,3,1936,800,800,0,800,1,0,0,60000
638,190,6000,5,4,1954,1387,811,576,1387,2,0,1,93000
639,30,8777,5,7,1910,796,796,0,796,1,0,0,85000
640,120,3982,8,5,2006,1567,1567,0,1567,2,0,3,264561
641,120,12677,8,5,2003,1518,1518,0,1518,1,1,2,274000
642,60,7050,7,5,2001,1929,1057,872,1929,2,1,2,226000
643,80,13860,8,7,1972,2704,2000,704,2704,2,1,2,345000
644,60,10793,5,5,1969,1620,780,840,1620,2,1,2,152000
645,20,9187,9,5,2009,1766,1766,0,1766,2,1,3,370878
646,20,10530,6,5,1971,981,981,0,981,1,1,2,143250
647,20,7200,5,5,1950,1048,1048,0,1048,1,0,2,98300
648,20,10452,6,5,1953,1094,1094,0,1094,1,0,2,155000
649,60,7700,6,5,1966,1839,1051,788,1839,1,1,2,155000
650,180,1936,4,6,1970,630,630,0,630,1,0,0,84500
651,60,8125,7,6,2007,1665,822,843,1665,2,1,2,205950
652,70,9084,4,5,1940,1510,755,755,1510,1,0,1,108000
653,60,8750,7,5,1996,1716,909,807,1716,2,1,2,191000
654,50,10320,6,7,1906,1469,756,713,1469,1,0,1,135000
655,20,10437,8,6,1995,2113,2113,0,2113,2,1,3,350000
656,160,1680,6,5,1971,1092,525,567,1092,1,1,1,88000
657,20,10007,5,7,1959,1053,1053,0,1053,1,1,1,145500
658,70,7200,7,6,1931,1502,851,651,1502,1,1,1,149000
659,50,17503,6,5,1948,1458,912,546,1458,1,0,1,97500
660,20,9937,5,7,1964,1486,1486,0,1486,1,0,2,167000
661,60,12384,7,7,1976,1935,1142,793,1935,2,1,2,197900
662,60,46589,8,7,1994,2448,1686,762,2448,2,1,3,402000
663,20,13560,6,3,1968,1392,1392,0,1392,1,0,2,110000
664,85,10012,4,5,1972,1181,1181,0,1181,2,0,2,137500
665,20,20896,8,5,2005,2097,2097,0,2097,1,1,3,423000
666,60,11194,8,5,2000,1936,1454,482,1936,2,1,2,230500
667,60,18450,6,5,1965,2380,1465,915,2380,2,1,2,129000
668,20,8125,6,5,1994,1679,1679,0,1679,2,0,2,193500
669,20,14175,5,6,1956,1437,1437,0,1437,1,1,2,168000
670,30,11600,4,5,1922,1180,1180,0,1180,1,0,1,137500
671,60,8633,6,5,2005,1476,738,738,1476,2,1,2,173500
672,70,6629,6,6,1925,1369,697,672,1369,2,0,1,103600
673,20,11250,6,6,1977,1208,1208,0,1208,1,1,2,165000
674,20,14442,6,7,1957,1839,1839,0,1839,2,0,2,257500
675,20,9200,6,6,1965,1136,1136,0,1136,1,0,1,140000
676,160,2289,6,6,1978,1441,855,586,1441,2,1,2,148500
677,70,9600,4,2,1900,1774,1095,679,1774,2,0,3,87000
678,30,9022,5,8,1924,792,792,0,792,1,0,1,109500
679,20,11844,8,5,2008,2046,2046,0,2046,2,1,3,372500
680,20,9945,5,5,1961,988,988,0,988,1,0,2,128500
681,120,8012,6,5,1980,923,923,0,923,2,0,1,143000
682,50,4500,5,5,1932,1520,848,672,1520,1,0,1,159434
683,120,2887,6,5,1996,1291,1291,0,1291,1,0,2,173000
684,20,11248,9,5,2002,1668,1668,0,1668,2,0,3,285000
685,60,16770,7,5,1998,1839,1195,644,1839,2,1,2,221000
686,160,5062,7,5,1984,2090,1190,900,2090,2,0,2,207500
687,60,10207,7,6,2007,1761,874,887,1761,3,0,2,227875
688,160,5105,7,5,2004,1102,551,551,1102,2,1,2,148800
689,20,8089,8,6,2007,1419,1419,0,1419,2,0,2,392000
690,120,7577,6,5,2005,1362,1362,0,1362,2,0,2,194700
691,120,4426,6,5,2004,848,848,0,848,1,0,2,141000
692,60,21535,10,6,1994,4316,2444,1872,4316,3,1,3,755000
693,60,26178,7,5,1989,2519,1238,1281,2519,2,1,2,335000
694,30,5400,5,6,1921,1073,1073,0,1073,1,0,1,108480
695,50,6120,5,6,1936,1539,1067,472,1539,1,1,2,141500
696,20,13811,6,6,1987,1137,1137,0,1137,2,0,2,176000
697,30,6000,5,7,1921,616,616,0,616,1,0,1,89000
698,20,6420,5,7,1952,1148,1148,0,1148,1,0,1,123500
699,20,8450,5,8,1965,894,894,0,894,1,0,1,138500
700,120,4282,7,5,2004,1391,1391,0,1391,2,0,2,196000
701,20,14331,8,5,2002,1800,1800,0,1800,2,0,3,312500
702,20,9600,7,5,1969,1164,1164,0,1164,1,1,2,140000
703,60,12438,8,5,2006,2576,1264,1312,2576,2,1,3,361919
704,190,7630,5,9,1900,1812,1032,780,1812,2,0,2,140000
705,20,8400,7,5,2004,1484,1484,0,1484,2,0,2,213000
706,190,5600,4,5,1930,1092,372,720,1092,2,0,0,55000
707,20,115149,7,5,1971,1824,1824,0,1824,2,0,2,302000
708,120,6240,8,5,2006,1324,1324,0,1324,2,0,2,254000
709,60,9018,7,5,2007,1456,728,728,1456,2,1,2,179540
710,20,7162,5,7,1966,904,904,0,904,1,0,1,109900
711,30,4130,3,6,1935,729,729,0,729,1,0,0,52000
712,50,8712,4,7,1900,1178,859,319,1178,1,0,1,102776
713,120,4671,8,5,1988,1228,1228,0,1228,2,0,2,189000
714,190,9873,4,5,1970,960,960,0,960,1,0,2,129000
715,60,13517,6,8,1976,1479,725,754,1479,2,1,2,130500
716,20,10140,6,5,1974,1350,1350,0,1350,2,0,2,165000
717,70,10800,7,8,1890,2554,1576,978,2554,1,1,2,159500
718,20,10000,5,6,1973,1178,1178,0,1178,1,1,2,157000
719,60,10542,7,5,1993,2418,1325,1093,2418,2,1,3,341000
720,20,9920,5,6,1969,971,971,0,971,1,1,1,128500
721,120,6563,8,5,1985,1742,1742,0,1742,2,0,2,275000
722,120,4426,6,5,2004,848,848,0,848,1,0,2,143000
723,20,8120,4,7,1970,864,864,0,864,1,0,2,124500
724,50,8172,4,6,1954,1470,997,473,1470,2,0,1,135000
725,20,13286,9,5,2007,1698,1698,0,1698,2,0,3,320000
726,20,6960,4,6,1970,864,864,0,864,1,0,2,120500
727,20,21695,6,9,1988,1680,1680,0,1680,2,0,2,222000
728,20,7314,7,5,2007,1232,1232,0,1232,2,0,2,194500
729,90,11475,5,5,1958,1776,1776,0,1776,2,0,3,110000
730,30,6240,4,5,1925,1208,848,0,1208,1,0,2,103000
731,120,5389,8,5,1995,1616,1616,0,1616,2,0,2,236500
732,80,9590,7,5,2003,1146,1146,0,1146,2,0,2,187500
733,60,11404,7,5,1998,2031,1153,878,2031,2,1,2,222500
734,20,10000,5,6,1961,1144,1144,0,1144,1,0,1,131400
735,20,8978,5,5,1968,948,948,0,948,1,0,1,108000
736,75,10800,7,7,1914,1768,880,888,1768,1,1,2,163000
737,90,8544,3,4,1950,1040,1040,0,1040,2,0,2,93500
738,60,10463,8,5,2005,1801,901,900,1801,2,1,3,239900
739,90,10800,5,5,1987,1200,1200,0,1200,3,0,0,179000
740,60,9313,7,5,2004,1728,864,864,1728,2,1,2,190000
741,70,9600,5,7,1910,1432,768,664,1432,2,0,2,132000
742,20,6768,6,8,1961,912,912,0,912,1,0,1,142000
743,20,8450,7,5,2000,1349,1349,0,1349,2,0,2,179000
744,80,12886,5,6,1963,1464,1464,0,1464,2,0,2,175000
745,120,5395,8,5,1993,1337,1337,0,1337,2,0,2,180000
746,60,8963,8,9,1976,2715,1175,1540,2715,3,1,2,299800
747,60,8795,7,5,2000,2256,980,1276,2256,2,1,2,236000
748,70,11700,7,7,1880,2640,1320,1320,2640,1,1,4,265979
749,20,10593,7,5,1996,1720,1720,0,1720,2,0,2,260400
750,50,8405,4,3,1945,1529,1088,441,1529,2,0,1,98000
751,50,8800,4,7,1910,1140,792,348,1140,1,0,0,96500
752,60,7750,7,5,2003,1320,660,660,1320,2,1,2,162000
753,20,9236,6,5,1997,1494,1494,0,1494,2,0,2,217000
754,60,10240,8,5,2005,2098,1038,1060,2098,2,1,3,275500
755,20,7930,6,8,1969,1026,1026,0,1026,1,0,2,156000
756,160,3230,6,5,1999,1471,742,729,1471,2,1,2,172500
757,60,10769,8,5,2007,1768,866,902,1768,2,1,2,212000
758,60,11616,6,5,1978,1386,672,714,1386,2,1,2,158900
759,160,2280,7,5,1999,1501,757,744,1501,2,1,2,179400
760,60,12257,8,5,1995,2531,1328,1203,2531,2,1,3,290000
761,20,9100,6,6,1959,864,864,0,864,1,0,1,127500
762,30,6911,5,5,1924,1301,1301,0,1301,1,0,2,100000
763,60,8640,7,5,2009,1547,764,783,1547,2,1,2,215200
764,60,9430,8,5,1999,2365,1268,1097,2365,2,1,3,337000
765,120,9549,8,5,1995,1494,1494,0,1494,1,1,2,270000
766,20,14587,9,5,2008,1506,1506,0,1506,2,0,2,264132
767,60,10421,7,5,1988,1714,980,734,1714,2,1,2,196500
768,50,12508,6,7,1940,1750,983,767,1750,2,0,1,160000
769,20,9100,7,5,2004,1836,1836,0,1836,2,0,2,216837
770,60,53504,8,5,2003,3279,1690,1589,3279,3,1,3,538000
771,85,7252,5,5,1982,858,858,0,858,1,0,2,134900
772,20,8877,4,5,1951,1220,1220,0,1220,1,0,2,102000
773,80,7819,6,5,1976,1117,1117,0,1117,1,0,2,107000
774,20,10150,5,5,1958,912,912,0,912,1,0,1,114500
775,20,14226,8,5,2006,1973,1973,0,1973,2,0,3,395000
776,120,4500,6,5,1998,1204,1204,0,1204,2,0,2,162000
777,20,11210,7,5,2005,1614,1614,0,1614,2,0,3,221500
778,20,13350,5,5,1974,894,894,0,894,1,0,2,142500
779,90,8400,5,5,1977,2020,2020,0,2020,2,0,2,144000
780,90,10530,6,5,1977,1004,1004,0,1004,1,0,2,135000
781,20,7875,7,5,1995,1253,1253,0,1253,2,0,2,176000
782,60,7153,6,5,1992,1603,810,793,1603,2,1,2,175900
783,20,16285,7,5,2001,1430,1430,0,1430,2,0,2,187100
784,85,9101,5,6,1978,1110,1110,0,1110,1,0,2,165500
785,75,6300,6,6,1914,1484,742,742,1484,2,0,0,128000
786,20,9790,6,5,1967,1342,1342,0,1342,2,0,2,161500
787,50,10800,5,6,1915,1652,966,686,1652,2,0,1,139000
788,60,10142,7,5,2004,2084,956,1128,2084,2,1,2,233000
789,20,6000,4,7,1954,901,901,0,901,1,0,1,107900
790,60,12205,6,8,1966,2087,976,1111,2087,2,1,2,187500
791,120,3182,7,5,2005,1145,1145,0,1145,2,0,2,160200
792,80,11333,6,5,1976,1062,1062,0,1062,1,0,2,146800
793,60,9920,7,5,1996,2013,1127,886,2013,2,1,2,269790
794,20,9158,8,5,2007,1496,1496,0,1496,2,0,2,225000
795,60,10832,7,5,1994,1895,1086,809,1895,2,1,2,194500
796,60,8400,6,6,1980,1564,888,676,1564,2,1,2,171000
797,20,8197,6,5,1977,1285,1285,0,1285,1,1,2,143500
798,20,7677,5,5,1953,773,773,0,773,1,0,1,110000
799,60,13518,9,5,2008,3140,1966,1174,3140,3,1,3,485000
800,50,7200,5,7,1937,1768,981,787,1768,1,1,1,175000
801,60,12798,6,5,1997,1688,616,1072,1688,2,1,2,200000
802,30,4800,4,7,1916,1196,1196,0,1196,1,0,2,109900
803,60,8199,7,5,2005,1456,728,728,1456,2,1,2,189000
804,60,13891,9,5,2008,2822,1734,1088,2822,3,1,3,582933
805,20,9000,5,5,1954,1128,1128,0,1128,1,0,1,118000
806,20,12274,7,5,2008,1428,1428,0,1428,2,0,2,227680
807,80,9750,5,5,1967,980,980,0,980,2,0,1,135500
808,70,21384,5,6,1923,1576,1072,504,1576,1,1,2,223500
809,80,13400,5,5,1966,1086,1086,0,1086,1,0,2,159950
810,75,8100,5,5,1898,2138,1075,1063,2138,2,0,2,106000
811,20,10140,6,6,1974,1309,1309,0,1309,1,1,2,181000
812,120,4438,6,5,2004,848,848,0,848,1,0,2,144500
813,20,8712,5,5,1952,1044,1044,0,1044,1,0,2,55993
814,20,9750,6,6,1958,1442,1442,0,1442,1,1,1,157900
815,50,8248,5,7,1918,1250,686,564,1250,1,1,1,116000
816,20,12137,7,5,1998,1661,1661,0,1661,2,0,2,224900
817,20,11425,5,6,1954,1008,1008,0,1008,1,0,1,137000
818,20,13265,8,5,2002,1689,1689,0,1689,2,0,3,271000
819,80,8816,6,7,1971,1052,1052,0,1052,1,0,2,155000
820,120,6371,7,5,2009,1358,1358,0,1358,2,0,2,224000
821,60,7226,7,5,2003,1640,798,842,1640,2,1,2,183000
822,20,6000,4,4,1953,936,936,0,936,1,0,2,93000
823,60,12394,7,5,2003,1733,847,886,1733,2,1,2,225000
824,50,9900,6,7,1940,1489,944,545,1489,2,0,1,139500
825,20,11216,8,5,2006,1489,1489,0,1489,2,0,2,232600
826,20,14803,10,5,2007,2084,2084,0,2084,2,0,3,385000
827,45,6130,5,6,1924,784,784,0,784,1,0,0,109500
828,20,8529,7,5,2001,1434,1434,0,1434,2,0,2,189000
829,60,28698,5,5,1967,2126,1160,966,2126,2,1,2,185000
830,160,2544,7,5,2005,1223,520,623,1223,2,1,2,147400
831,20,11900,6,5,1957,1392,1392,0,1392,1,1,2,166000
832,160,3180,7,5,2005,1200,520,600,1200,2,1,2,151000
833,60,9548,7,6,2003,1829,941,888,1829,2,1,2,237000
834,20,10004,6,6,1964,1516,1516,0,1516,1,1,2,167000
835,20,7875,5,6,1961,1144,1144,0,1144,1,0,2,139950
836,20,9600,4,7,1950,1067,1067,0,1067,2,0,2,128000
837,30,8100,5,6,1948,1559,1559,0,1559,1,0,2,153500
838,160,1680,6,5,1973,987,483,504,987,1,1,1,100000
839,20,9525,5,6,1995,1099,1099,0,1099,1,1,1,144000
840,50,11767,5,6,1946,1200,768,432,1200,1,0,1,130500
841,70,12155,6,8,1925,1482,810,672,1482,2,0,1,140000
842,70,10440,5,8,1904,1539,958,581,1539,2,0,2,157500
843,80,9020,6,7,1966,1165,1165,0,1165,1,1,2,174900
844,90,8000,5,4,1961,1800,1800,0,1800,2,0,0,141000
845,50,12665,5,8,1915,1416,876,540,1416,1,1,3,153900
846,85,16647,5,5,1975,1701,1701,0,1701,2,0,2,171000
847,60,9317,7,5,1993,1775,1006,769,1775,2,1,2,213000
848,20,15523,5,6,1972,864,864,0,864,1,0,1,133500
849,50,45600,6,8,1908,2358,1307,1051,2358,3,0,2,240000
850,80,9600,6,7,1976,1855,1094,761,1855,2,1,2,187000
851,120,4435,6,5,2003,848,848,0,848,1,0,2,131500
852,120,3196,8,5,2003,1456,1456,0,1456,2,0,2,215000
853,75,7128,7,5,1941,1646,918,728,1646,2,0,1,164000
854,80,12095,6,6,1964,1445,1445,0,1445,1,1,2,158000
855,20,17920,5,4,1955,1779,1779,0,1779,1,1,2,170000
856,20,6897,5,8,1962,1040,1040,0,1040,1,1,1,127000
857,80,10970,6,6,1978,1026,1026,0,1026,1,0,2,147000
858,60,8125,6,5,1994,1481,702,779,1481,2,1,2,174000
859,20,10400,7,5,1976,1370,1370,0,1370,2,0,2,152000
860,60,11029,6,7,1968,2654,1512,1142,2654,2,1,2,250000
861,50,7642,7,8,1918,1426,912,514,1426,1,1,1,189950
862,190,11625,5,4,1965,1039,1039,0,1039,1,1,2,131500
863,20,9672,6,5,1984,1097,1097,0,1097,2,0,2,152000
864,20,7931,5,5,1959,1148,1148,0,1148,1,0,1,132500
865,20,8640,7,5,2007,1372,1372,0,1372,2,0,2,250580
866,20,8750,5,6,1970,1002,1002,0,1002,1,0,2,148500
867,20,10656,8,5,2006,1646,1646,0,1646,2,0,3,248900
868,20,6970,4,5,1961,1120,1120,0,1120,1,1,2,129000
869,60,14762,5,6,1948,2320,1547,720,2320,2,0,2,169000
870,60,9938,7,5,1993,1949,1062,887,1949,2,1,2,236000
871,20,6600,5,5,1962,894,894,0,894,1,0,1,109500
872,60,8750,6,5,1998,1682,804,878,1682,2,1,2,200500
873,20,8892,5,7,1953,910,910,0,910,1,0,2,116000
874,40,12144,5,7,1949,1268,1036,0,1268,1,0,1,133000
875,50,5720,5,6,1941,1131,676,455,1131,1,1,1,66500
876,60,9000,8,5,2007,2610,1184,1426,2610,2,1,2,303477
877,20,25286,4,5,1963,1040,1040,0,1040,1,0,2,132250
878,60,8834,9,5,2004,2224,1462,762,2224,2,1,3,350000
879,85,11782,5,7,1961,1155,1155,0,1155,1,0,2,148000
880,20,7000,5,8,1978,864,864,0,864,1,0,1,136500
881,20,7024,5,5,2005,1090,1090,0,1090,1,1,2,157000
882,50,13758,7,5,1990,1717,1187,530,1717,2,1,2,187500
883,60,9636,6,5,1992,1593,808,785,1593,2,1,2,178000
884,75,6204,4,5,1912,2230,954,795,2230,1,0,1,118500
885,20,7150,5,5,1967,892,892,0,892,1,0,1,100000
886,120,5119,9,5,1999,1709,1709,0,1709,2,0,2,328900
887,90,8393,5,5,1959,1712,1712,0,1712,2,0,2,145000
888,50,16466,5,7,1955,1393,872,521,1393,1,1,1,135500
889,20,15865,8,6,1970,2217,2217,0,2217,2,0,2,268000
890,20,12160,6,4,1953,1505,1505,0,1505,1,0,2,149500
891,50,8064,5,7,1949,924,672,252,924,1,0,2,122900
892,60,11184,6,5,1978,1683,918,765,1683,2,1,2,172500
893,20,8414,6,8,1963,1068,1068,0,1068,1,0,1,154500
894,20,13284,5,5,1954,1383,1383,0,1383,1,0,1,165000
895,90,7018,5,5,1979,1535,1535,0,1535,2,0,2,118858
896,60,7056,6,5,1963,1796,983,813,1796,1,1,2,140000
897,30,8765,4,6,1936,951,951,0,951,1,0,1,106500
898,90,7018,5,5,1979,2240,1120,1120,2240,2,0,2,142953
899,20,12919,9,5,2009,2364,2364,0,2364,2,1,3,611657
900,20,6993,5,7,1961,1236,1236,0,1236,1,0,1,135000
901,20,7340,4,6,1971,858,858,0,858,1,0,1,110000
902,20,8712,5,7,1957,1306,1306,0,1306,1,0,1,153000
903,60,7875,7,5,2003,1509,807,702,1509,2,1,2,180000
904,20,14859,7,5,2006,1670,1670,0,1670,2,0,3,240000
905,20,6173,5,6,1967,902,902,0,902,1,0,1,125500
906,20,9920,5,5,1954,1063,1063,0,1063,1,0,1,128000
907,20,13501,8,5,2006,1636,1636,0,1636,2,0,3,255000
908,50,11500,7,7,1936,2057,1020,1037,2057,1,1,1,250000
909,20,8885,5,5,1983,902,902,0,902,1,0,2,131000
910,60,12589,6,5,2005,1484,742,742,1484,2,1,2,174000
911,90,11600,5,5,1960,2274,1105,1169,2274,2,0,2,154300
912,20,9286,5,7,1977,1268,1268,0,1268,1,1,1,143500
913,30,6120,5,7,1925,1015,1015,0,1015,1,0,1,88000
914,90,6270,5,6,1949,2002,1001,1001,2002,2,0,3,145000
915,160,3000,6,5,2009,1224,612,612,1224,2,1,2,173733
916,160,2001,4,5,1970,1092,546,546,1092,1,1,1,75000
917,20,9000,2,3,1949,480,480,0,480,0,0,1,35311
918,20,17140,4,6,1956,1229,1229,0,1229,1,0,1,135000
919,60,13125,7,5,1991,2127,912,1215,2127,2,1,3,238000
920,20,11029,6,8,1958,1414,1414,0,1414,1,0,2,176500
921,60,8462,6,5,1994,1721,936,785,1721,2,1,2,201000
922,90,8777,5,7,1900,2200,1272,928,2200,2,2,0,145900
923,20,10237,6,5,2005,1316,1316,0,1316,2,0,2,169990
924,120,8012,6,5,1993,1617,1617,0,1617,2,0,2,193000
925,20,10240,6,6,1980,1686,1686,0,1686,2,0,2,207500
926,20,15611,5,6,1977,1126,1126,0,1126,2,0,2,175000
927,60,11999,8,5,2003,2374,1234,1140,2374,2,1,3,285000
928,60,9900,7,5,1968,1978,1098,880,1978,2,1,2,176000
929,20,11838,8,5,2001,1788,1788,0,1788,2,0,2,236500
930,60,13006,7,5,1997,2236,993,1243,2236,2,1,2,222000
931,20,8925,8,5,2007,1466,1466,0,1466,2,0,3,201000
932,20,9100,5,6,1965,925,925,0,925,1,0,1,117500
933,20,11670,9,5,2006,1905,1905,0,1905,2,0,3,320000
934,20,8487,7,5,2004,1500,1500,0,1500,2,0,2,190000
935,20,27650,7,7,1960,2069,2069,0,2069,2,0,2,242000
936,30,5825,4,5,1926,747,747,0,747,1,0,2,79900
937,20,10083,7,5,2003,1200,1200,0,1200,2,0,2,184900
938,60,9675,7,5,2005,1971,1113,858,1971,2,1,2,253000
939,60,8760,7,5,2006,1962,1391,571,1962,2,1,3,239799
940,70,24090,7,7,1940,2403,1207,1196,2403,2,0,1,244400
941,90,12640,6,5,1976,1728,1728,0,1728,2,0,2,150900
942,60,8755,7,5,1999,2060,1022,1038,2060,2,1,2,214000
943,90,7711,4,3,1977,1440,1440,0,1440,2,0,0,150000
944,90,25000,5,4,1967,1632,1632,0,1632,2,0,2,143000
945,20,14375,6,6,1958,1344,1344,0,1344,1,0,2,137500
946,50,8820,5,6,1890,1869,1188,561,1869,1,0,2,124900
947,80,8163,5,6,1959,1144,1144,0,1144,1,0,1,143000
948,20,14536,8,5,2002,1629,1629,0,1629,2,0,3,270000
949,60,14006,7,5,2002,1776,936,840,1776,2,1,2,192500
950,20,9360,6,7,1972,1381,1381,0,1381,1,1,2,197500
951,20,7200,5,8,1950,864,864,0,864,1,0,2,129000
952,20,7800,5,5,1965,965,965,0,965,1,0,1,119900
953,85,7200,5,8,1972,768,768,0,768,1,0,1,133900
954,60,11075,5,4,1969,1968,1168,800,1968,2,1,2,172000
955,90,9400,6,5,1975,980,980,0,980,2,0,0,127500
956,90,7136,6,6,1946,1958,979,979,1958,2,0,2,145000
957,160,1300,6,6,1980,1229,561,668,1229,1,1,2,124000
958,20,7420,5,5,1962,1057,1057,0,1057,1,0,2,132000
959,20,8450,7,5,2003,1337,1337,0,1337,2,0,2,185000
960,160,2572,7,5,1999,1416,696,720,1416,2,1,2,155000
961,20,7207,5,7,1958,858,858,0,858,1,0,0,116500
962,60,12227,6,7,1977,2872,1542,1330,2872,2,1,2,272000
963,160,2308,6,6,1976,1548,804,744,1548,2,1,2,155000
964,20,11923,9,5,2007,1800,1800,0,1800,2,0,2,239000
965,60,11316,7,5,2002,1894,824,1070,1894,2,1,2,214900
966,60,10237,6,5,2005,1484,783,701,1484,2,1,2,178900
967,50,9600,5,7,1940,1308,976,332,1308,1,1,1,160000
968,20,7390,5,7,1955,1098,1098,0,1098,1,0,1,135000
969,50,5925,3,6,1910,968,600,368,968,1,0,0,37900
970,190,10382,6,5,1958,1095,1095,0,1095,1,0,1,140000
971,50,10800,4,4,1949,1192,720,472,1192,1,1,0,135000
972,160,2268,7,5,2003,1626,764,862,1626,2,0,2,173000
973,120,7892,6,5,1979,918,918,0,918,2,0,1,99500
974,20,11639,7,5,2007,1428,1428,0,1428,2,0,2,182000
975,70,11414,7,8,1910,2019,1136,883,2019,1,0,2,167500
976,160,2651,7,5,2000,1382,673,709,1382,2,1,2,165000
977,30,5900,4,7,1923,869,869,0,869,1,0,0,85500
978,120,4274,7,5,2006,1241,1241,0,1241,1,1,2,199900
979,20,9450,4,5,1954,894,894,0,894,1,0,2,110000
980,20,8816,5,6,1963,1121,1121,0,1121,1,0,2,139000
981,85,12122,7,9,1961,999,999,0,999,1,0,2,178400
982,60,12203,8,5,1998,2612,1276,1336,2612,2,1,3,336000
983,20,3182,7,5,2007,1266,1266,0,1266,2,0,2,159895
984,60,11250,8,5,2002,2290,1149,1141,2290,2,1,2,255900
985,90,10125,5,5,1977,1734,1302,432,1734,2,0,2,126000
986,190,10880,5,5,1950,1164,1164,0,1164,1,0,1,125000
987,50,5310,6,8,1910,1635,1001,634,1635,1,0,1,117000
988,20,10159,9,5,2009,1940,1940,0,1940,2,1,3,395192
989,60,12046,6,6,1976,2030,1118,912,2030,2,1,2,195000
990,60,8125,7,5,2006,1576,778,798,1576,2,1,2,197000
991,60,9452,8,5,1997,2392,1407,985,2392,2,1,3,348000
992,70,17671,8,9,1882,1742,916,826,1742,1,1,2,168000
993,60,9760,6,8,1964,1851,1020,831,1851,2,1,2,187000
994,60,8846,6,5,2005,1500,750,750,1500,2,1,2,173900
995,20,12456,10,5,2006,1718,1718,0,1718,2,0,3,337500
996,50,4712,4,7,1946,1230,774,456,1230,1,1,1,121600
997,20,10659,5,6,1961,1050,1050,0,1050,1,0,1,136500
998,20,11717,6,6,1970,1442,1442,0,1442,2,0,2,185000
999,30,9786,3,4,1922,1077,1077,0,1077,1,0,1,91000
1000,20,6762,7,5,2006,1208,1208,0,1208,2,0,2,206000
1001,20,10206,3,3,1952,944,944,0,944,1,0,2,82000
1002,30,5400,5,6,1920,691,691,0,691,1,0,1,86000
1003,20,11957,8,5,2006,1574,1574,0,1574,2,0,3,232000
1004,90,11500,5,6,1976,1680,1680,0,1680,2,0,2,136905
1005,120,3182,7,5,2005,1504,1504,0,1504,2,0,2,181000
1006,80,8385,5,8,1977,985,985,0,985,2,0,1,149900
1007,20,12155,6,3,1970,1657,1657,0,1657,2,0,2,163500
1008,160,2217,4,4,1970,1092,546,546,1092,1,1,1,88000
1009,20,12118,7,5,2004,1710,1710,0,1710,2,0,2,240000
1010,50,6000,5,5,1926,1522,1008,0,1522,2,0,0,102000
1011,50,21286,5,5,1948,1271,720,551,1271,2,0,1,135000
1012,90,9825,5,5,1965,1664,1664,0,1664,2,0,0,100000
1013,70,10592,6,7,1923,1502,900,602,1502,1,1,1,165000
1014,30,7200,5,4,1910,1022,1022,0,1022,1,0,1,85000
1015,20,11664,6,5,1948,1082,1082,0,1082,1,0,1,119200
1016,60,8400,8,6,2001,1665,810,855,1665,2,1,2,227000
1017,20,11883,7,5,1996,1504,1504,0,1504,2,0,2,203000
1018,120,5814,8,5,1984,1360,1360,0,1360,1,0,2,187500
1019,80,10784,7,5,1991,1472,802,670,1472,2,1,2,160000
1020,120,3013,7,5,2005,1506,1506,0,1506,2,0,2,213490
1021,20,7024,4,5,2005,1132,1132,0,1132,1,1,2,176000
1022,20,7406,7,5,2006,1220,1220,0,1220,2,0,2,194000
1023,50,9439,5,5,1930,1248,912,336,1248,1,0,1,87000
1024,120,3182,7,5,2005,1504,1504,0,1504,2,0,2,191000
1025,20,15498,8,6,1976,2898,2898,0,2898,2,0,2,287000
1026,20,7700,5,5,1972,882,882,0,882,1,0,2,112500
1027,20,9300,5,5,1960,1264,1264,0,1264,1,0,2,167500
1028,20,9520,8,5,2007,1646,1646,0,1646,2,0,3,293077
1029,50,9492,5,5,1941,1376,968,408,1376,1,0,1,105000
1030,160,1680,6,7,1972,1218,672,546,1218,1,1,1,118000
1031,190,7082,5,8,1916,1928,948,980,1928,2,0,0,160000
1032,75,15863,7,3,1920,3082,1687,998,3082,2,1,2,197000
1033,60,14541,8,7,1993,2520,1352,1168,2520,2,1,3,310000
1034,20,8125,7,5,2002,1654,1654,0,1654,2,0,3,230000
1035,30,6305,5,7,1938,954,954,0,954,1,0,1,119750
1036,20,11500,4,3,1957,845,845,0,845,1,0,1,84000
1037,20,12898,9,5,2007,1620,1620,0,1620,2,0,3,315500
1038,60,9240,8,5,2001,2263,1055,1208,2263,2,1,2,287000
1039,160,1533,4,6,1970,1344,798,546,1344,1,1,0,97000
1040,180,1477,4,4,1970,630,630,0,630,1,0,1,80000
1041,20,13125,5,4,1957,1803,1803,0,1803,2,0,2,155000
1042,60,9130,6,8,1966,1632,800,832,1632,1,1,2,173000
1043,120,5381,6,5,2005,1306,1306,0,1306,2,0,2,196000
1044,60,11839,7,5,1990,2329,1532,797,2329,2,1,2,262280
1045,20,9600,8,5,1981,2524,2524,0,2524,2,1,2,278000
1046,20,13680,3,5,1955,1733,1733,0,1733,2,0,2,139600
1047,60,16056,9,5,2005,2868,1992,876,2868,3,1,3,556581
1048,20,9245,5,5,1994,990,990,0,990,1,0,2,145000
1049,20,21750,5,4,1960,1771,1771,0,1771,1,0,2,115000
1050,20,11100,4,7,1946,930,930,0,930,1,0,1,84900
1051,20,8993,7,5,2007,1302,1302,0,1302,2,0,2,176485
1052,20,11175,7,5,2007,1316,1316,0,1316,2,0,2,200141
1053,60,9500,6,6,1964,1977,1127,850,1977,1,1,2,165000
1054,20,8562,5,6,1957,1526,1526,0,1526,1,0,1,144500
1055,60,11367,8,5,2002,1989,1091,898,1989,2,1,2,255000
1056,20,11361,6,5,1976,1523,1523,0,1523,2,0,2,180000
1057,120,7052,7,5,2005,1364,1364,0,1364,2,0,2,185850
1058,60,29959,7,6,1994,1850,979,871,1850,2,1,2,248000
1059,60,11308,9,5,2008,2184,1130,1054,2184,2,1,3,335000
1060,50,11275,6,7,1932,1991,1096,895,1991,1,1,2,220000
1061,120,4920,8,5,2001,1338,1338,0,1338,2,0,2,213500
1062,30,18000,3,4,1935,894,894,0,894,1,0,3,81000
1063,190,13600,5,5,1900,2337,1422,915,2337,2,0,2,90000
1064,30,6000,6,6,1925,1103,1103,0,1103,1,0,2,110500
1065,20,11000,5,6,1966,1154,1154,0,1154,1,1,2,154000
1066,60,14000,7,5,1996,2260,1306,954,2260,2,1,2,328000
1067,60,7837,6,7,1993,1571,799,772,1571,2,1,2,178000
1068,60,9760,6,6,1964,1611,798,813,1611,1,1,2,167900
1069,160,3964,6,4,1973,2521,1291,1230,2521,2,1,2,151400
1070,45,9600,5,7,1949,893,893,0,893,1,0,2,135000
1071,20,10152,5,5,1956,1048,1048,0,1048,1,0,1,135000
1072,60,11700,6,6,1968,1556,829,727,1556,1,1,2,154000
1073,50,7585,5,3,1948,1456,1002,454,1456,1,0,1,91500
1074,60,7950,6,6,1977,1426,698,728,1426,1,1,2,159500
1075,20,8556,7,5,2006,1240,1240,0,1240,2,0,3,194000
1076,70,13125,7,6,1940,1740,960,780,1740,1,1,1,219500
1077,50,10800,5,8,1936,1466,1096,370,1466,2,0,2,170000
1078,20,15870,5,5,1969,1096,1096,0,1096,1,0,1,138800
1079,120,4435,6,5,2004,848,848,0,848,1,0,2,155900
1080,20,8775,5,5,1994,990,990,0,990,1,0,1,126000
1081,20,11040,6,7,1971,1258,1258,0,1258,2,0,2,145000
1082,20,7500,5,5,1963,1040,1040,0,1040,1,1,1,133000
1083,20,8749,7,5,2002,1459,1459,0,1459,2,0,2,192000
1084,20,8800,6,6,1964,1251,1251,0,1251,1,0,1,160000
1085,60,13031,6,5,1995,1498,691,807,1498,2,1,2,187500
1086,85,9069,6,6,1992,996,996,0,996,1,0,2,147000
1087,160,1974,4,5,1973,1092,546,546,1092,1,1,1,83500
1088,60,10574,8,5,2005,1953,1082,871,1953,2,1,3,252000
1089,160,2522,7,5,2004,1709,970,739,1709,2,0,2,137500
1090,120,3316,8,5,2005,1247,1247,0,1247,1,1,2,197000
1091,90,8544,3,4,1950,1040,1040,0,1040,2,0,2,92900
1092,160,2160,7,5,1999,1252,624,628,1252,2,1,2,160000
1093,50,8400,6,5,1925,1694,1390,304,1694,2,0,2,136500
1094,20,9230,5,8,1965,1200,1200,0,1200,1,1,2,146000
1095,20,5868,5,7,1956,936,936,0,936,1,0,1,129000
1096,20,9317,6,5,2006,1314,1314,0,1314,2,0,2,176432
1097,70,6882,6,7,1914,1355,773,582,1355,1,1,0,127000
1098,120,3696,8,5,1986,1088,1088,0,1088,1,1,2,170000
1099,50,6000,4,6,1936,1324,757,567,1324,1,0,1,128000
1100,20,11880,7,5,1978,1601,1601,0,1601,2,0,2,157000
1101,30,8400,2,5,1920,438,438,0,438,1,0,1,60000
1102,20,9758,5,5,1971,950,950,0,950,1,0,1,119500
1103,20,7000,5,7,1960,1134,1134,0,1134,1,0,1,135000
1104,20,8910,6,6,1959,1194,1194,0,1194,1,0,2,159500
1105,160,2016,5,5,1970,1302,630,672,1302,2,1,2,106000
1106,60,12256,8,5,1994,2622,1500,1122,2622,2,1,2,325000
1107,20,10357,7,5,1990,1442,1442,0,1442,2,0,2,179900
1108,60,23257,7,5,2006,2021,887,1134,2021,2,1,2,274725
1109,60,8063,6,5,2000,1690,948,742,1690,2,1,2,181000
1110,20,11362,8,5,2004,1836,1836,0,1836,2,0,3,280000
1111,60,8000,6,5,1995,1658,773,885,1658,2,1,2,188000
1112,60,10480,7,6,1976,1964,1098,866,1964,2,1,2,205000
1113,20,7100,5,7,1957,816,816,0,816,1,0,1,129900
1114,20,8923,5,7,1953,1008,1008,0,1008,1,0,1,134500
1115,20,5400,5,7,1954,833,833,0,833,1,0,1,117000
1116,20,12085,8,5,2007,1734,1734,0,1734,2,0,3,318000
1117,80,7750,8,5,2002,1419,779,640,1419,2,1,2,184100
1118,20,9764,5,7,1967,894,894,0,894,1,0,2,130000
1119,80,13825,5,6,1958,1601,1021,580,1601,1,0,1,140000
1120,20,7560,5,5,1959,1040,1040,0,1040,1,0,1,133700
1121,30,8263,6,5,1920,1012,1012,0,1012,1,0,1,118400
1122,20,10084,7,5,2005,1552,1552,0,1552,2,0,3,212900
1123,20,8926,4,3,1956,960,960,0,960,1,0,1,112000
1124,20,9405,5,9,1947,698,698,0,698,1,0,0,118000
1125,80,9125,7,5,1992,1482,812,670,1482,2,1,2,163900
1126,20,10434,4,5,1955,1005,1005,0,1005,1,0,2,115000
1127,120,3684,7,5,2007,1555,1555,0,1555,2,0,3,174000
1128,20,14572,7,5,2004,1530,1530,0,1530,2,0,3,259000
1129,60,11796,7,5,2004,1959,847,1112,1959,2,1,2,215000
1130,90,7200,5,5,1980,936,936,0,936,1,0,2,140000
1131,50,7804,4,3,1928,1981,1328,653,1981,2,0,2,135000
1132,20,10712,5,5,1991,974,974,0,974,1,0,0,93500
1133,70,9900,6,4,1880,2210,1178,1032,2210,2,0,1,117500
1134,60,9828,8,5,1995,2020,1142,878,2020,2,1,2,239500
1135,60,8773,6,5,1997,1600,916,684,1600,2,1,2,169000
1136,30,6180,6,5,1926,986,986,0,986,1,0,1,102000
1137,50,9600,6,5,1950,1252,1032,220,1252,1,0,1,119000
1138,50,6342,5,8,1875,1020,780,240,1020,1,0,0,94000
1139,20,9819,6,5,1977,1567,1567,0,1567,2,0,2,196000
1140,30,8731,5,5,1920,1167,1167,0,1167,1,0,2,144000
1141,20,7350,5,7,1951,952,952,0,952,1,0,2,139000
1142,60,10304,5,7,1976,1868,1088,780,1868,2,1,2,197500
1143,60,9965,8,5,2006,2828,1466,1362,2828,3,0,3,424870
1144,20,9000,5,3,1959,1006,1006,0,1006,1,0,0,80000
1145,190,12180,4,4,1941,924,672,252,924,1,0,1,80000
1146,50,6240,5,6,1928,1576,1042,534,1576,1,0,1,149000
1147,20,11200,6,5,1985,1298,1298,0,1298,2,0,2,180000
1148,70,12000,7,7,1941,1564,860,704,1564,1,1,1,174500
1149,50,5700,7,7,1926,1111,572,539,1111,1,0,1,116900
1150,70,9000,7,9,1920,1482,832,650,1482,1,0,2,143000
1151,20,8280,6,5,1950,932,932,0,932,1,0,1,124000
1152,20,17755,5,4,1959,1466,1466,0,1466,1,1,2,149900
1153,20,14115,6,7,1956,1811,1811,0,1811,1,0,2,230000
1154,30,5890,6,8,1930,816,816,0,816,1,0,1,120500
1155,60,13700,7,6,1965,1820,902,918,1820,1,2,2,201800
1156,20,10768,5,8,1976,1437,1437,0,1437,2,0,2,218000
1157,80,9350,5,8,1965,1265,1265,0,1265,2,0,2,179900
1158,120,5001,7,5,2007,1314,1314,0,1314,2,0,2,230000
1159,20,11932,8,5,2007,1580,1580,0,1580,2,0,3,235128
1160,60,9120,6,6,1974,1876,943,933,1876,2,1,2,185000
1161,160,2280,6,5,1978,1456,855,601,1456,2,1,2,146000
1162,20,14778,6,7,1954,1640,1640,0,1640,1,0,2,224000
1163,20,8724,5,5,1968,894,894,0,894,1,0,2,129000
1164,90,12900,4,4,1969,1258,1258,0,1258,0,2,2,108959
1165,80,16157,5,7,1978,1432,1432,0,1432,1,1,2,194000
1166,20,9541,7,5,2009,1502,1502,0,1502,2,0,2,233170
1167,20,10475,8,5,2008,1694,1694,0,1694,2,0,3,245350
1168,60,10852,6,5,2000,1671,959,712,1671,2,1,2,173000
1169,70,13728,6,7,1935,2108,1236,872,2108,2,0,2,235000
1170,60,35760,10,5,1995,3627,1831,1796,3627,3,1,3,625000
1171,80,9880,6,6,1977,1118,1118,0,1118,1,0,1,171000
1172,20,9120,6,6,1958,1261,1261,0,1261,1,0,2,163000
1173,160,4017,7,5,2006,1250,625,625,1250,2,1,2,171900
1174,50,18030,5,6,1946,3086,1636,971,3086,3,0,0,200500
1175,70,16560,6,8,1932,2345,1170,1175,2345,2,1,2,239000
1176,50,10678,8,5,1992,2872,2129,743,2872,2,1,2,285000
1177,20,6951,5,5,1984,923,923,0,923,1,0,1,119500
1178,50,3950,6,8,1926,1224,818,406,1224,1,0,1,115000
1179,50,7681,5,6,1921,1343,820,523,1343,1,1,1,154900
1180,20,8335,5,5,1954,1124,1124,0,1124,1,0,0,93000
1181,60,11170,7,5,1990,2514,1298,1216,2514,2,1,2,250000
1182,120,5587,8,5,2008,1652,1652,0,1652,2,0,2,392500
1183,60,15623,10,5,1996,4476,2411,2065,4476,3,1,3,745000
1184,30,10800,5,6,1920,1130,1130,0,1130,1,0,2,120000
1185,20,35133,5,4,1963,1572,1572,0,1572,1,1,3,186700
1186,50,9738,5,7,1924,1221,949,272,1221,1,0,1,104900
1187,190,10615,3,5,1900,1699,1014,685,1699,2,0,2,95000
1188,20,12461,8,5,1994,1624,1624,0,1624,2,0,3,262000
1189,60,8935,7,5,2002,1660,831,829,1660,2,1,2,195000
1190,60,7500,7,5,1999,1804,1028,776,1804,2,1,2,189000
1191,190,32463,4,4,1961,1622,1622,0,1622,1,0,4,168000
1192,160,2645,8,5,1999,1441,764,677,1441,2,1,2,174000
1193,50,9600,5,8,1925,1472,842,630,1472,1,0,1,125000
1194,120,4500,6,5,1999,1224,1224,0,1224,2,0,2,165000
1195,60,9364,6,7,1969,1352,663,689,1352,1,1,1,158000
1196,60,8029,6,5,2005,1456,728,728,1456,2,1,2,176000
1197,60,14054,7,5,2006,1863,879,984,1863,2,1,3,219210
1198,75,8850,7,6,1916,1690,815,875,1690,1,0,1,144000
1199,20,9100,7,5,2001,1212,1212,0,1212,2,0,2,178000
1200,20,11235,4,5,1963,1382,1382,0,1382,1,1,2,148000
1201,20,9353,4,5,1970,864,864,0,864,1,0,1,116050
1202,60,10400,7,5,1998,1779,866,913,1779,2,1,2,197900
1203,50,6000,5,8,1925,1348,884,464,1348,1,0,1,117000
1204,20,9750,7,5,2000,1630,1630,0,1630,2,0,2,213000
1205,20,10140,5,6,1975,1074,1074,0,1074,1,1,2,153500
1206,20,14684,7,7,1990,2196,2196,0,2196,2,0,3,271900
1207,20,8900,4,4,1966,1056,1056,0,1056,1,0,1,107000
1208,20,9135,6,5,2003,1700,1700,0,1700,2,0,2,200000
1209,20,7763,5,7,1962,1283,1283,0,1283,1,0,2,140000
1210,20,10182,8,5,2006,1660,1660,0,1660,2,0,2,290000
1211,60,11218,6,5,1992,1845,1055,790,1845,2,1,2,189000
1212,50,12134,8,7,1988,1752,1080,672,1752,2,0,2,164000
1213,30,9340,4,6,1941,672,672,0,672,1,0,1,113000
1214,80,10246,4,9,1965,960,960,0,960,0,0,1,145000
1215,85,10205,5,5,1962,999,999,0,999,1,0,1,134500
1216,20,7094,5,5,1966,894,894,0,894,1,0,1,125000
1217,90,8930,6,5,1978,1902,1318,584,1902,2,0,2,112000
1218,20,8640,8,5,2009,1314,1314,0,1314,2,0,2,229456
1219,50,6240,4,5,1947,912,672,240,912,1,0,0,80500
1220,160,1680,6,5,1971,1218,672,546,1218,1,1,0,91500
1221,20,7800,5,5,1964,912,912,0,912,1,0,1,115000
1222,20,8250,5,5,1968,1211,1211,0,1211,1,0,1,134000
1223,50,10496,6,6,1949,1846,1168,678,1846,2,0,1,143000
1224,20,10680,5,3,1951,2136,2136,0,2136,2,0,2,137900
1225,60,15384,7,5,2004,1490,788,702,1490,2,1,2,184000
1226,80,10482,6,8,1958,1138,1138,0,1138,1,0,1,145000
1227,60,14598,6,5,2007,1933,894,1039,1933,2,1,3,214000
1228,20,8872,5,8,1965,912,912,0,912,1,0,2,147000
1229,120,8769,9,5,2008,1702,1702,0,1702,1,1,3,367294
1230,80,7910,5,5,1960,1507,1507,0,1507,2,0,1,127000
1231,90,18890,5,5,1977,2620,1361,1259,2620,2,2,2,190000
1232,90,7728,5,6,1962,1190,1190,0,1190,1,0,2,132500
1233,90,9842,4,5,1962,1224,1224,0,1224,2,0,2,101800
1234,20,12160,5,5,1959,1188,1188,0,1188,1,0,2,142000
1235,70,8525,5,6,1911,1964,1024,940,1964,1,1,0,130000
1236,70,13132,5,5,1914,1784,892,892,1784,1,1,1,138887
1237,160,2628,7,5,2003,1626,764,862,1626,2,1,2,175500
1238,60,12393,7,5,2004,1948,847,1101,1948,2,1,2,195000
1239,20,13072,6,5,2005,1141,1141,0,1141,1,1,2,142500
1240,20,9037,8,5,2006,1484,1484,0,1484,2,0,2,265900
1241,60,8158,7,5,2003,1768,884,884,1768,2,1,2,224900
1242,20,9849,7,6,2007,1689,1689,0,1689,2,0,3,248328
1243,85,10625,7,6,1974,1173,1173,0,1173,2,0,2,170000
1244,20,13891,10,5,2006,2076,2076,0,2076,2,1,3,465000
1245,70,11435,8,7,1929,1517,792,725,1517,1,0,2,230000
1246,80,12090,6,7,1984,1868,1140,728,1868,3,1,2,178000
1247,60,8125,7,5,2005,1553,756,797,1553,2,1,2,186500
1248,80,12328,6,5,1976,1034,1034,0,1034,1,0,3,169900
1249,75,9600,6,5,1917,2058,1134,924,2058,1,1,2,129500
1250,20,7200,5,7,1950,988,988,0,988,1,0,1,119000
1251,20,11160,7,5,1968,2110,2110,0,2110,2,1,2,244000
1252,120,3136,7,5,2003,1405,1405,0,1405,2,0,2,171750
1253,20,9858,5,6,1968,874,874,0,874,1,0,1,130000
1254,60,17542,7,7,1974,2167,1516,651,2167,2,1,2,294000
1255,60,6931,7,5,2003,1656,760,896,1656,2,1,2,165400
1256,50,6240,6,6,1931,1367,959,408,1367,1,0,1,127500
1257,20,14303,8,5,1994,1987,1987,0,1987,2,0,2,301500
1258,30,4060,5,8,1922,864,864,0,864,1,0,0,99900
1259,80,9587,7,5,2005,1166,1166,0,1166,2,0,2,190000
1260,20,9750,6,8,1969,1054,1054,0,1054,1,1,2,151000
1261,60,24682,6,5,1999,1675,892,783,1675,2,1,2,181000
1262,20,9600,5,6,1956,1050,1050,0,1050,1,0,1,128900
1263,50,11250,4,5,1957,1788,1104,684,1788,1,0,1,161500
1264,70,13515,6,6,1919,1824,1060,764,1824,1,0,2,180500
1265,120,4060,6,5,1998,1337,1337,0,1337,2,0,2,181000
1266,160,3735,7,5,1999,1452,713,739,1452,2,1,2,183900
1267,190,10120,7,4,1910,1889,964,925,1889,1,1,1,122000
1268,20,13214,9,5,2008,2018,2018,0,2018,2,0,3,378500
1269,50,14100,8,9,1935,3447,1968,1479,3447,3,1,3,381000
1270,50,11344,5,5,1958,1524,874,650,1524,1,1,1,144000
1271,40,23595,7,6,1979,1524,1332,192,1524,0,1,2,260000
1272,20,9156,6,7,1968,1489,1489,0,1489,2,0,2,185750
1273,20,13526,5,6,1965,935,935,0,935,1,0,1,137000
1274,80,11512,6,7,1959,1357,1357,0,1357,1,0,1,177000
1275,50,5362,5,6,1910,1250,661,589,1250,2,0,2,139000
1276,90,11345,5,5,1948,1920,928,992,1920,2,0,2,137000
1277,60,12936,6,6,1972,1395,735,660,1395,1,1,2,162000
1278,80,17871,6,5,1967,1724,1724,0,1724,1,1,2,197900
1279,60,9473,8,5,2002,2031,1128,903,2031,2,1,2,237000
1280,50,7500,4,4,1920,1128,698,430,1128,1,0,2,68400
1281,20,9808,7,5,2002,1573,1573,0,1573,2,0,2,227000
1282,20,8049,7,5,1990,1339,1339,0,1339,2,0,2,180000
1283,20,8800,5,7,1977,1040,1040,0,1040,2,0,2,150500
1284,90,9400,6,5,1971,1824,912,912,1824,2,2,0,139000
1285,50,9638,6,7,1919,2447,1699,748,2447,2,0,1,169000
1286,50,6000,6,6,1939,1412,825,587,1412,1,0,1,132500
1287,20,9790,6,5,1963,1328,1328,0,1328,1,1,2,143000
1288,20,36500,5,5,1964,1582,1582,0,1582,2,0,2,190000
1289,120,5664,8,5,2000,1659,1659,0,1659,2,0,2,278000
1290,60,11065,8,5,2006,1970,1120,850,1970,2,1,3,281000
1291,80,14112,5,7,1964,1152,1152,0,1152,1,0,2,180500
1292,160,1680,5,7,1972,1302,630,672,1302,2,1,1,119500
1293,70,6600,5,4,1892,2372,1378,994,2372,2,0,1,107500
1294,60,10140,7,5,1976,1664,832,832,1664,2,1,2,162900
1295,20,8172,5,7,1955,864,864,0,864,1,0,2,115000
1296,20,8400,5,5,1968,1052,1052,0,1052,1,1,1,138500
1297,20,8700,5,6,1963,1128,1128,0,1128,2,0,2,155000
1298,180,3675,6,5,2005,1072,1072,0,1072,2,0,2,140000
1299,60,63887,10,5,2008,5642,4692,950,5642,2,1,2,160000
1300,20,7500,5,7,1959,1246,1246,0,1246,1,1,1,154000
1301,60,10762,7,5,1999,1983,1005,978,1983,2,1,2,225000
1302,70,7500,6,7,1942,1494,753,741,1494,1,0,1,177500
1303,60,10120,8,5,1994,2526,1203,1323,2526,2,1,3,290000
1304,20,8688,7,5,2005,1616,1616,0,1616,2,0,3,232000
1305,160,3363,7,5,2004,1708,976,732,1708,2,0,2,130000
1306,20,13173,9,5,2006,1652,1652,0,1652,2,0,2,325000
1307,120,6955,7,5,2005,1368,1368,0,1368,2,0,2,202500
1308,20,8072,5,5,1994,990,990,0,990,1,0,2,138000
1309,20,12000,5,7,1948,1122,1122,0,1122,1,0,2,147000
1310,20,7153,6,5,1991,1294,1294,0,1294,2,0,2,179200
1311,20,17500,7,8,1959,1902,1902,0,1902,2,0,2,335000
1312,20,8814,7,5,2005,1274,1274,0,1274,2,0,2,203000
1313,60,9572,8,5,1990,2810,1453,1357,2810,2,1,2,302000
1314,60,14774,9,5,1999,2599,1422,1177,2599,2,1,3,333168
1315,20,8190,4,6,1954,948,948,0,948,1,0,1,119000
1316,60,11075,6,5,1969,2112,1092,1020,2112,2,1,2,206900
1317,20,10226,8,5,2008,1630,1630,0,1630,2,0,3,295493
1318,120,4230,7,5,2006,1352,1352,0,1352,2,0,2,208900
1319,20,14781,8,5,2001,1787,1787,0,1787,2,0,3,275000
1320,20,10215,4,5,1954,948,948,0,948,1,0,1,111000
1321,20,8400,6,3,1957,1478,1478,0,1478,1,1,2,156500
1322,20,6627,3,6,1949,720,720,0,720,1,0,1,72500
1323,60,10186,7,5,1992,1923,1061,862,1923,2,1,2,190000
1324,30,5330,4,7,1940,708,708,0,708,1,0,0,82500
1325,20,9986,8,5,2006,1795,1795,0,1795,2,0,3,147000
1326,30,3636,4,4,1922,796,796,0,796,1,0,0,55000
1327,30,4270,3,6,1931,774,774,0,774,1,0,0,79000
1328,20,6600,5,9,1982,816,816,0,816,1,0,1,130500
1329,50,10440,6,7,1920,2792,1584,1208,2792,2,0,2,256000
1330,60,9084,7,5,1998,1632,955,677,1632,2,1,2,176500
1331,20,10000,8,5,2006,1588,1588,0,1588,2,0,3,227000
1332,80,10780,5,5,1976,954,954,0,954,1,0,2,132500
1333,20,8877,4,6,1938,816,816,0,816,1,0,1,100000
1334,50,7200,5,6,1938,1360,803,557,1360,1,1,1,125500
1335,160,2368,5,6,1970,1365,765,600,1365,1,1,2,125000
1336,20,9650,6,5,1977,1334,1334,0,1334,2,0,2,167900
1337,90,9246,5,5,1973,1656,1656,0,1656,2,0,2,135000
1338,30,4118,4,4,1941,693,693,0,693,1,0,0,52500
1339,60,13450,7,5,2002,1861,920,941,1861,2,1,2,200000
1340,20,9560,5,7,1972,864,864,0,864,1,0,1,128500
1341,20,8294,4,5,1971,872,872,0,872,1,0,4,123000
1342,20,13695,6,5,2003,1114,1114,0,1114,1,0,2,155000
1343,60,9375,8,5,2002,2169,1284,885,2169,2,1,2,228500
1344,50,7558,6,6,1928,1913,1172,741,1913,1,1,2,177000
1345,60,11103,7,5,2006,1456,728,728,1456,2,1,2,155835
1346,30,6000,4,4,1920,960,960,0,960,1,0,1,108500
1347,20,20781,7,7,1968,2156,2156,0,2156,2,0,2,262500
1348,20,15306,8,5,2006,1776,1776,0,1776,2,0,3,283463
1349,20,16196,7,5,1998,1494,1494,0,1494,2,0,2,215000
1350,70,5250,8,5,1872,2358,938,1215,2358,2,0,0,122000
1351,90,11643,5,5,1969,2634,1338,1296,2634,2,2,4,200000
1352,60,9247,6,6,1962,1716,858,858,1716,1,1,2,171000
1353,50,6000,6,9,1937,1176,786,390,1176,1,0,2,134900
1354,50,14720,8,5,1995,3238,2053,1185,3238,2,1,3,410000
1355,60,10316,7,5,2000,1865,992,873,1865,2,1,3,235000
1356,80,10192,7,6,1968,1920,1222,698,1920,3,0,2,170000
1357,20,9477,5,5,1966,892,892,0,892,1,0,1,110000
1358,20,12537,5,6,1971,1078,1078,0,1078,1,1,2,149900
1359,160,2117,6,5,2000,1573,769,804,1573,2,1,2,177500
1360,20,16737,9,5,2004,1980,1980,0,1980,2,0,3,315000
1361,70,9842,5,6,1921,2601,990,1611,2601,3,1,2,189000
1362,20,16158,7,5,2005,1530,1530,0,1530,2,0,2,260000
1363,50,12513,4,4,1920,1738,1281,457,1738,2,0,1,104900
1364,60,8499,6,5,2006,1412,616,796,1412,2,1,2,156932
1365,160,3180,7,5,2005,1200,520,600,1200,2,1,2,144152
1366,60,7500,7,5,2000,1674,814,860,1674,2,1,2,216000
1367,60,9179,7,5,1999,1790,882,908,1790,2,1,2,193000
1368,160,2665,5,6,1977,1475,925,550,1475,2,0,1,127000
1369,120,4435,6,5,2003,848,848,0,848,1,0,2,144000
1370,20,10635,8,5,2003,1668,1668,0,1668,2,0,2,232000
1371,50,5400,4,6,1920,1374,840,534,1374,1,0,1,105000
1372,80,9600,6,6,1955,1661,1661,0,1661,1,0,1,165500
1373,60,9750,7,6,1998,2097,1108,989,2097,2,1,2,274300
1374,20,11400,10,5,2001,2633,2633,0,2633,2,1,3,466500
1375,60,10625,7,5,2005,1958,1026,932,1958,2,1,3,250000
1376,20,10991,8,5,2007,1571,1571,0,1571,2,0,3,239000
1377,30,6292,6,5,1930,790,790,0,790,1,0,1,91000
1378,50,10998,5,5,1941,1604,984,620,1604,2,0,2,117000
1379,160,1953,6,5,1973,987,483,504,987,1,1,1,83000
1380,80,9735,5,5,2006,1394,754,640,1394,2,1,2,167500
1381,30,8212,3,3,1914,864,864,0,864,1,0,1,58500
1382,20,12925,6,7,1970,2117,2117,0,2117,2,1,2,237500
1383,70,7200,7,7,1920,1762,998,764,1762,1,1,2,157000
1384,30,25339,5,7,1918,1416,1416,0,1416,2,0,2,112000
1385,50,9060,6,5,1939,1258,698,560,1258,1,0,1,105000
1386,50,5436,4,8,1922,1154,796,358,1154,1,0,1,125500
1387,60,16692,7,5,1978,2784,1392,1392,2784,3,1,2,250000
1388,50,8520,6,7,1916,2526,1664,862,2526,2,0,1,136000
1389,20,14892,9,5,2006,1746,1746,0,1746,2,0,3,377500
1390,50,6000,6,6,1941,1218,869,349,1218,1,0,2,131000
1391,20,9100,7,5,2000,1525,1525,0,1525,2,0,2,235000
1392,90,8944,5,5,1967,1584,1584,0,1584,2,0,3,124000
1393,85,7838,5,5,1967,900,900,0,900,1,0,1,123000
1394,190,10800,6,7,1905,1912,1221,691,1912,2,0,2,163000
1395,120,4045,7,5,2006,1500,1500,0,1500,2,0,3,246578
1396,60,12665,8,5,2005,2482,1133,1349,2482,2,1,3,281213
1397,20,57200,5,5,1948,1687,1687,0,1687,1,0,2,160000
1398,70,6120,5,8,1920,1513,939,574,1513,1,1,1,137500
1399,50,7200,5,4,1950,1904,1136,768,1904,1,1,1,138000
1400,50,6171,6,6,1925,1608,1160,448,1608,2,1,1,137450
1401,50,6000,6,7,1929,1158,950,208,1158,1,0,1,120000
1402,60,7415,6,5,2004,1593,864,729,1593,2,1,2,193000
1403,20,6762,7,5,2006,1294,1294,0,1294,2,0,2,193879
1404,20,15256,8,5,2007,1464,1464,0,1464,2,0,3,282922
1405,50,10410,3,4,1915,1214,694,520,1214,1,0,3,105000
1406,120,3842,8,5,2004,1646,1646,0,1646,2,0,2,275000
1407,85,8445,5,7,1972,768,768,0,768,1,0,2,133000
1408,20,8780,5,5,1985,833,833,0,833,1,0,0,112000
1409,70,7740,4,7,1910,1363,741,622,1363,1,0,2,125500
1410,60,20544,7,6,1986,2093,1236,857,2093,2,1,2,215000
1411,60,12420,7,5,2001,1840,944,896,1840,2,1,2,230000
1412,50,9600,6,8,1950,1668,1112,556,1668,1,1,1,140000
1413,90,7200,4,5,1949,1040,1040,0,1040,2,0,2,90000
1414,20,10994,8,5,2005,1844,1844,0,1844,2,0,2,257000
1415,50,13053,6,7,1923,1848,1053,795,1848,1,1,2,207000
1416,120,3635,7,5,2007,1569,1569,0,1569,2,0,3,175900
1417,190,11340,4,6,1885,2290,1246,1044,2290,2,0,2,122500
1418,60,16545,8,5,1998,2450,1310,1140,2450,2,1,3,340000
1419,20,9204,5,5,1963,1144,1144,0,1144,1,1,1,124000
1420,20,16381,6,5,1969,1844,1844,0,1844,2,0,2,223000
1421,60,11700,6,6,1968,1416,708,708,1416,2,1,2,179900
1422,120,4043,6,5,1977,1069,1069,0,1069,2,0,2,127500
1423,120,4435,6,5,2003,848,848,0,848,1,0,2,136500
1424,80,19690,6,7,1966,2201,1575,626,2201,2,0,2,274970
1425,20,9503,5,5,1958,1344,1344,0,1344,1,0,1,144000
1426,20,10721,6,6,1959,1252,1252,0,1252,1,0,2,142000
1427,60,10944,7,5,1994,2127,1223,904,2127,2,1,2,271000
1428,50,10930,5,6,1945,1558,1048,510,1558,1,1,1,140000
1429,30,7200,5,7,1940,804,804,0,804,1,0,1,119000
1430,20,12546,6,7,1981,1440,1440,0,1440,2,0,2,182900
1431,60,21930,5,5,2005,1838,734,1104,1838,2,1,2,192140
1432,120,4928,6,6,1976,958,958,0,958,2,0,2,143750
1433,30,10800,4,6,1927,968,968,0,968,2,0,1,64500
1434,60,10261,6,5,2000,1792,962,830,1792,2,1,2,186500
1435,20,17400,5,5,1977,1126,1126,0,1126,2,0,2,160000
1436,20,8400,6,9,1962,1537,1537,0,1537,1,1,2,174000
1437,20,9000,4,6,1971,864,864,0,864,1,0,2,120500
1438,20,12444,8,5,2008,1932,1932,0,1932,2,0,3,394617
1439,20,7407,6,7,1957,1236,1236,0,1236,1,0,2,149700
1440,60,11584,7,6,1979,1725,1040,685,1725,2,1,2,197000
1441,70,11526,6,7,1922,2555,1423,748,2555,2,0,2,191000
1442,120,4426,6,5,2004,848,848,0,848,1,0,2,149300
1443,60,11003,10,5,2008,2007,1026,981,2007,2,1,3,310000
1444,30,8854,6,6,1916,952,952,0,952,1,0,1,121000
1445,20,8500,7,5,2004,1422,1422,0,1422,2,0,2,179600
1446,85,8400,6,5,1966,913,913,0,913,1,0,1,129000
1447,20,26142,5,7,1962,1188,1188,0,1188,1,0,1,157900
1448,60,10000,8,5,1995,2090,1220,870,2090,2,1,2,240000
1449,50,11767,4,7,1910,1346,796,550,1346,1,1,1,112000
1450,180,1533,5,7,1970,630,630,0,630,1,0,0,92000
1451,90,9000,5,5,1974,1792,896,896,1792,2,2,0,136000
1452,20,9262,8,5,2008,1578,1578,0,1578,2,0,3,287090
1453,180,3675,5,5,2005,1072,1072,0,1072,1,0,2,145000
1454,20,17217,5,5,2006,1140,1140,0,1140,1,0,0,84500
1455,20,7500,7,5,2004,1221,1221,0,1221,2,0,2,185000
1456,60,7917,6,5,1999,1647,953,694,1647,2,1,2,175000
1457,20,13175,6,6,1978,2073,2073,0,2073,2,0,2,210000
1458,70,9042,7,9,1941,2340,1188,1152,2340,2,0,1,266500
1459,20,9717,5,6,1950,1078,1078,0,1078,1,0,1,142125
1460,20,9937,5,6,1965,1256,1256,0,1256,1,1,1,147500
