Date,AAPL,GOOGL,FB,MSFT,AMZN
2014-11-05,108.860001,555.950012,74.83000200000001,47.860001000000004,296.519989
2014-11-06,108.699997,551.6900019999999,75.260002,48.700001,296.640015
2014-11-07,109.010002,551.820007,75.599998,48.68,299.859985
2014-11-10,108.83000200000001,558.22998,75.0,48.889998999999996,305.109985
2014-11-11,109.699997,561.289978,74.610001,48.869999,312.01001
2014-11-12,111.25,558.25,74.720001,48.779999,311.51001
2014-11-13,112.82,556.4400019999999,74.25,49.610001000000004,316.480011
2014-11-14,114.18,555.1900019999999,74.879997,49.580002,327.820007
2014-11-17,113.989998,546.6400150000001,74.239998,49.459998999999996,323.049988
2014-11-18,115.470001,544.51001,74.339996,48.740002000000004,324.929993
2014-11-19,114.66999799999999,547.200012,73.33000200000001,48.220001,326.540009
2014-11-20,116.309998,543.76001,73.599998,48.700001,330.540009
2014-11-21,116.470001,545.8900150000001,73.75,47.98,332.630005
2014-11-24,118.629997,547.47998,74.010002,47.59,335.640015
2014-11-25,117.599998,549.22998,75.629997,47.470001,335.040009
2014-11-26,119.0,547.72998,77.620003,47.75,333.570007
2014-11-28,118.93,549.080017,77.699997,47.810001,338.640015
2014-12-01,115.07,539.650024,75.099998,48.619999,326.0
2014-12-02,114.629997,538.590027,75.459999,48.459998999999996,326.309998
2014-12-03,115.93,536.969971,74.879997,48.080002,316.5
2014-12-04,115.489998,542.580017,75.239998,48.84,316.929993
2014-12-05,115.0,528.080017,76.360001,48.419998,312.630005
2014-12-08,112.400002,530.72998,76.519997,47.700001,306.640015
2014-12-09,114.120003,536.1099849999999,76.839996,47.59,312.5
2014-12-10,111.949997,528.039978,76.18,46.900002,305.839996
2014-12-11,111.620003,532.1099849999999,77.730003,47.169998,307.359985
2014-12-12,109.730003,521.51001,77.83000200000001,46.950001,307.320007
2014-12-15,108.230003,515.840027,76.989998,46.669998,306.070007
2014-12-16,106.75,498.160004,74.690002,45.16,295.059998
2014-12-17,109.410004,506.450012,76.110001,45.740002000000004,298.880005
2014-12-18,112.650002,514.619995,78.400002,47.52,297.730011
2014-12-19,111.779999,520.039978,79.879997,47.66,299.899994
2014-12-22,112.940002,532.299988,81.449997,47.98,306.540009
2014-12-23,112.540001,538.77002,80.610001,48.450001,306.290009
2014-12-24,112.010002,536.929993,80.769997,48.139998999999996,303.02999900000003
2014-12-26,113.989998,541.52002,80.779999,47.880001,309.089996
2014-12-29,113.910004,537.3099980000001,80.019997,47.450001,312.040009
2014-12-30,112.519997,535.280029,79.220001,47.02,310.299988
2014-12-31,110.379997,530.659973,78.019997,46.450001,310.350006
2015-01-02,109.33000200000001,529.549988,78.449997,46.759997999999996,308.519989
2015-01-05,106.25,519.460022,77.190002,46.330002,302.190002
2015-01-06,106.260002,506.64001500000006,76.150002,45.650002,295.290009
2015-01-07,107.75,505.14999400000005,76.150002,46.23,298.420013
2015-01-08,111.889999,506.910004,78.18,47.59,300.459991
2015-01-09,112.010002,500.72000099999997,77.739998,47.189999,296.929993
2015-01-12,109.25,497.05999800000006,76.720001,46.599998,291.410004
2015-01-13,110.220001,501.799988,76.449997,46.360001000000004,294.73999
2015-01-14,109.800003,505.92999299999997,76.279999,45.959998999999996,293.269989
2015-01-15,106.82,504.01000999999997,74.050003,45.48,286.950012
2015-01-16,105.989998,510.459991,75.18,46.240002000000004,290.73999
2015-01-20,108.720001,509.94000199999994,76.239998,46.389998999999996,289.440002
2015-01-21,109.550003,520.3900150000001,76.739998,45.919998,297.25
2015-01-22,112.400002,537.299988,77.650002,47.130001,310.320007
2015-01-23,112.980003,541.950012,77.83000200000001,47.18,312.390015
2015-01-26,113.099998,536.719971,77.5,47.009997999999996,309.660004
2015-01-27,109.139999,521.1900019999999,75.779999,42.66,306.75
2015-01-28,115.309998,512.429993,76.239998,41.189999,303.910004
2015-01-29,118.900002,513.22998,78.0,42.009997999999996,311.77999900000003
2015-01-30,117.160004,537.549988,75.910004,40.400002,354.52999900000003
2015-02-02,118.629997,532.200012,74.989998,41.279999,364.47000099999997
2015-02-03,118.650002,533.299988,75.400002,41.599998,363.549988
2015-02-04,119.559998,526.099976,75.629997,41.84,364.75
2015-02-05,119.940002,529.830017,75.610001,42.450001,373.890015
2015-02-06,118.93,533.880005,74.470001,42.41,374.27999900000003
2015-02-09,119.720001,529.280029,74.440002,42.360001000000004,370.559998
2015-02-10,122.019997,540.159973,75.190002,42.599998,373.0
2015-02-11,124.879997,538.0,76.510002,42.380001,375.140015
2015-02-12,126.459999,546.01001,76.230003,43.09,377.170013
2015-02-13,127.08000200000001,551.159973,75.739998,43.869999,381.829987
2015-02-17,127.83000200000001,545.01001,75.599998,43.580002,375.429993
2015-02-18,128.720001,542.650024,76.709999,43.529999,373.369995
2015-02-19,128.449997,546.450012,79.41999799999999,43.5,379.0
2015-02-20,129.5,541.799988,79.900002,43.860001000000004,383.660004
2015-02-23,133.0,535.0,78.839996,44.150002,380.140015
2015-02-24,132.169998,538.650024,78.449997,44.09,378.589996
2015-02-25,128.78999299999998,547.330017,79.559998,43.990002000000004,385.369995
2015-02-26,130.419998,559.289978,80.410004,44.060001,384.799988
2015-02-27,128.46000700000002,562.630005,78.970001,43.849998,380.160004
2015-03-02,129.08999599999999,575.02002,79.75,43.880001,385.660004
2015-03-03,129.360001,578.789978,79.599998,43.279999,384.609985
2015-03-04,128.53999299999998,578.330017,80.900002,43.060001,382.72000099999997
2015-03-05,126.410004,581.429993,81.209999,43.110001000000004,387.829987
2015-03-06,126.599998,572.900024,80.010002,42.360001000000004,380.089996
2015-03-09,127.139999,574.099976,79.440002,42.849998,378.559998
2015-03-10,124.510002,559.849976,77.550003,42.029999,369.51001
2015-03-11,122.239998,555.6900019999999,77.57,41.98,366.369995
2015-03-12,124.449997,561.169983,78.93,41.02,374.23999
2015-03-13,123.589996,553.0,78.050003,41.380001,370.579987
2015-03-16,124.949997,561.6400150000001,78.07,41.560001,373.350006
2015-03-17,127.040001,557.6099849999999,79.360001,41.700001,371.920013
2015-03-18,128.470001,566.159973,80.910004,42.5,375.140015
2015-03-19,127.5,563.669983,82.75,42.290001000000004,373.23999
2015-03-20,125.900002,564.950012,83.800003,42.880001,378.48999
2015-03-23,127.209999,565.369995,84.43,42.860001000000004,375.109985
2015-03-24,126.690002,577.539978,85.309998,42.900002,374.089996
2015-03-25,123.379997,567.0,82.91999799999999,41.459998999999996,370.959991
2015-03-26,124.239998,563.6400150000001,83.010002,41.209998999999996,367.350006
2015-03-27,123.25,557.549988,83.300003,40.970001,370.559998
2015-03-30,126.370003,561.1400150000001,83.199997,40.959998999999996,374.589996
2015-03-31,124.43,554.700012,82.220001,40.66,372.100006
2015-04-01,124.25,549.48999,81.66999799999999,40.720001,370.26001
2015-04-02,125.32,541.3099980000001,81.559998,40.290001000000004,372.25
2015-04-06,127.349998,543.950012,82.440002,41.549999,377.040009
2015-04-07,126.010002,544.8599849999999,82.32,41.529999,374.410004
2015-04-08,125.599998,548.840027,82.279999,41.419998,381.200012
2015-04-09,126.559998,548.02002,82.16999799999999,41.48,383.540009
2015-04-10,127.099998,548.539978,82.040001,41.720001,382.649994
2015-04-13,126.849998,548.6400150000001,83.010002,41.759997999999996,382.359985
2015-04-14,126.300003,539.780029,83.519997,41.650002,385.109985
2015-04-15,126.779999,541.039978,82.709999,42.259997999999996,383.450012
2015-04-16,126.16999799999999,543.52002,82.309998,42.16,386.040009
2015-04-17,124.75,532.73999,80.779999,41.619999,375.559998
2015-04-20,127.599998,544.530029,83.089996,42.91,389.51001
2015-04-21,126.910004,542.919983,83.620003,42.639998999999996,391.179993
2015-04-22,128.619995,549.179993,84.629997,42.990002000000004,389.799988
2015-04-23,129.669998,557.460022,82.410004,43.34,389.98999
2015-04-24,130.279999,573.659973,81.529999,47.869999,445.10000599999995
2015-04-27,132.649994,566.119995,81.910004,48.029999,438.55999800000006
2015-04-28,130.559998,564.369995,80.68,49.16,429.30999800000006
2015-04-29,128.639999,561.3900150000001,80.470001,49.060001,429.369995
2015-04-30,125.150002,548.77002,78.769997,48.639998999999996,421.77999900000003
2015-05-01,128.949997,551.159973,78.989998,48.66,422.869995
2015-05-04,128.699997,552.840027,78.809998,48.240002000000004,423.040009
2015-05-05,125.800003,543.039978,77.559998,47.599998,421.19000199999994
2015-05-06,125.010002,535.080017,78.099998,46.279999,419.100006
2015-05-07,125.260002,542.039978,78.43,46.700001,426.880005
2015-05-08,127.620003,548.950012,78.510002,47.75,433.69000199999994
2015-05-11,126.32,545.780029,78.010002,47.369999,432.85000599999995
2015-05-12,125.870003,538.72998,77.459999,47.349998,431.01998899999995
2015-05-13,126.010002,539.48999,78.440002,47.630001,426.869995
2015-05-14,128.949997,549.200012,81.370003,48.720001,432.27999900000003
2015-05-15,128.770004,546.48999,80.41999799999999,48.299999,426.0
2015-05-18,130.190002,546.669983,80.879997,48.009997999999996,425.23999000000003
2015-05-19,130.070007,549.280029,80.629997,47.580002,421.709991
2015-05-20,130.059998,552.51001,80.550003,47.580002,423.85998499999994
2015-05-21,131.389999,556.8099980000001,80.480003,47.419998,431.630005
2015-05-22,132.53999299999998,554.52002,80.540001,46.900002,427.630005
2015-05-26,129.619995,547.1900019999999,79.33000200000001,46.59,425.47000099999997
2015-05-27,132.03999299999998,554.25,80.550003,47.610001000000004,431.420013
2015-05-28,131.779999,554.179993,80.150002,47.450001,426.57000700000003
2015-05-29,130.279999,545.320007,79.190002,46.860001000000004,429.23001100000005
2015-06-01,130.53999299999998,549.210022,80.290001,47.23,430.920013
2015-06-02,129.96000700000002,553.950012,80.440002,46.919998,430.98999000000003
2015-06-03,130.119995,555.289978,82.440002,46.849998,436.589996
2015-06-04,129.360001,551.6900019999999,82.050003,46.360001000000004,430.77999900000003
2015-06-05,128.649994,549.530029,82.139999,46.139998999999996,426.950012
2015-06-08,127.800003,543.47998,80.66999799999999,45.73,423.5
2015-06-09,127.41999799999999,542.159973,80.66999799999999,45.650002,425.48001100000005
2015-06-10,128.880005,552.599976,82.160004,46.610001000000004,430.76998899999995
2015-06-11,128.58999599999999,550.039978,81.83000200000001,46.439999,432.97000099999997
2015-06-12,127.16999799999999,547.469971,81.529999,45.970001,429.920013
2015-06-15,126.91999799999999,543.0,80.709999,45.48,423.670013
2015-06-16,127.599998,544.869995,81.059998,45.830002,427.26000999999997
2015-06-17,127.300003,546.599976,81.790001,45.970001,427.80999800000006
2015-06-18,127.879997,556.179993,82.910004,46.720001,439.39001500000006
2015-06-19,126.599998,557.52002,82.510002,46.099998,434.920013
2015-06-22,127.610001,559.679993,84.739998,46.23,436.290009
2015-06-23,127.029999,563.3900150000001,87.879997,45.91,445.98999000000003
2015-06-24,128.110001,558.570007,88.860001,45.639998999999996,440.839996
2015-06-25,127.5,557.950012,87.980003,45.650002,440.10000599999995
2015-06-26,126.75,553.0599980000001,88.010002,45.259997999999996,438.10000599999995
2015-06-29,124.529999,541.25,85.800003,44.369999,429.85998499999994
2015-06-30,125.43,540.039978,85.769997,44.150002,434.089996
2015-07-01,126.599998,543.299988,86.910004,44.450001,437.39001500000006
2015-07-02,126.440002,547.340027,87.290001,44.400002,437.709991
2015-07-06,126.0,545.619995,87.550003,44.389998999999996,436.040009
2015-07-07,125.690002,550.030029,87.220001,44.299999,436.72000099999997
2015-07-08,122.57,541.700012,85.650002,44.240002000000004,429.700012
2015-07-09,120.07,544.650024,85.879997,44.52,434.39001500000006
2015-07-10,123.279999,556.1099849999999,87.949997,44.610001000000004,443.51000999999997
2015-07-13,125.660004,571.72998,90.099998,45.540001000000004,455.57000700000003
2015-07-14,125.610001,584.179993,89.68,45.619999,465.57000700000003
2015-07-15,126.82,583.960022,89.760002,45.759997999999996,461.19000199999994
2015-07-16,128.509995,601.780029,90.849998,46.66,475.48001100000005
2015-07-17,129.619995,699.619995,94.970001,46.619999,483.01000999999997
2015-07-20,132.070007,692.840027,97.910004,46.919998,488.10000599999995
2015-07-21,130.75,695.349976,98.389999,47.279999,488.0
2015-07-22,125.220001,695.099976,97.040001,45.540001000000004,488.26998899999995
2015-07-23,125.160004,674.72998,95.440002,46.110001000000004,482.17999299999997
2015-07-24,124.5,654.77002,96.949997,45.939999,529.419983
2015-07-27,122.769997,658.27002,94.16999799999999,45.349998,531.409973
2015-07-28,123.379997,659.659973,95.290001,45.34,526.030029
2015-07-29,122.989998,661.429993,96.989998,46.290001000000004,529.0
2015-07-30,122.370003,664.5599980000001,95.209999,46.880001,536.76001
2015-07-31,121.300003,657.5,94.010002,46.700001,536.150024
2015-08-03,118.440002,664.719971,94.139999,46.810001,535.030029
2015-08-04,114.639999,661.280029,94.059998,47.540001000000004,531.900024
2015-08-05,115.400002,673.289978,96.440002,47.580002,537.01001
2015-08-06,115.129997,670.150024,95.120003,46.619999,529.460022
2015-08-07,115.519997,664.3900150000001,94.300003,46.740002000000004,522.619995
2015-08-10,119.720001,663.1400150000001,94.150002,47.330002,524.0
2015-08-11,113.489998,690.299988,93.620003,46.41,527.460022
2015-08-12,115.239998,691.469971,94.190002,46.740002000000004,525.909973
2015-08-13,115.150002,686.51001,93.43,46.73,529.659973
2015-08-14,115.959999,689.369995,94.41999799999999,47.0,531.52002
2015-08-17,117.160004,694.1099849999999,93.93,47.32,535.219971
2015-08-18,116.5,688.72998,95.16999799999999,47.27,535.02002
2015-08-19,115.010002,694.039978,95.309998,46.610001000000004,532.919983
2015-08-20,112.650002,679.47998,90.559998,45.66,515.780029
2015-08-21,105.760002,644.030029,86.059998,43.07,494.47000099999997
2015-08-24,103.120003,618.1099849999999,82.089996,41.68,463.369995
2015-08-25,103.739998,612.469971,83.0,40.470001,466.369995
2015-08-26,109.690002,659.73999,87.190002,42.709998999999996,500.76998899999995
2015-08-27,112.91999799999999,667.960022,89.730003,43.900002,518.369995
2015-08-28,113.290001,659.6900019999999,91.010002,43.93,518.01001
2015-08-31,112.760002,647.820007,89.43,43.52,512.8900150000001
2015-09-01,107.720001,629.5599980000001,87.230003,41.82,496.540009
2015-09-02,112.339996,644.909973,89.889999,43.360001000000004,510.549988
2015-09-03,110.370003,637.049988,88.150002,43.5,504.72000099999997
2015-09-04,109.269997,628.960022,88.260002,42.610001000000004,499.0
2015-09-08,112.309998,643.880005,89.529999,43.889998999999996,517.539978
2015-09-09,110.150002,643.409973,90.440002,43.07,516.8900150000001
2015-09-10,112.57,651.080017,91.980003,43.290001000000004,522.23999
2015-09-11,114.209999,655.299988,92.050003,43.48,529.4400019999999
2015-09-14,115.309998,652.469971,92.309998,43.040001000000004,521.380005
2015-09-15,116.279999,665.070007,92.900002,43.98,522.369995
2015-09-16,116.410004,665.52002,93.449997,44.299999,527.3900150000001
2015-09-17,113.91999799999999,671.669983,94.339996,44.25,538.869995
2015-09-18,113.449997,660.919983,94.400002,43.48,540.26001
2015-09-21,115.209999,666.97998,95.550003,44.110001000000004,548.3900150000001
2015-09-22,113.400002,653.200012,92.959999,43.900002,538.400024
2015-09-23,114.32,653.289978,93.970001,43.869999,536.070007
2015-09-24,115.0,654.909973,94.410004,43.91,533.75
2015-09-25,114.709999,640.150024,92.769997,43.939999,524.25
2015-09-28,112.440002,624.25,89.209999,43.290001000000004,504.05999800000006
2015-09-29,109.059998,622.6099849999999,86.66999799999999,43.439999,496.07000700000003
2015-09-30,110.300003,638.369995,89.900002,44.259997999999996,511.89001500000006
2015-10-01,109.58000200000001,642.0,90.949997,44.610001000000004,520.719971
2015-10-02,110.379997,656.98999,92.07,45.57,532.539978
2015-10-05,110.779999,671.679993,94.010002,46.630001,543.679993
2015-10-06,111.309998,671.6400150000001,92.800003,46.75,537.47998
2015-10-07,110.779999,670.0,92.400002,46.799999,541.9400019999999
2015-10-08,109.5,667.0,92.470001,47.450001,533.159973
2015-10-09,112.120003,671.23999,93.239998,47.110001000000004,539.799988
2015-10-12,111.599998,676.429993,94.260002,47.0,550.1900019999999
2015-10-13,111.790001,683.169983,94.120003,46.889998999999996,548.900024
2015-10-14,110.209999,680.409973,94.07,46.68,544.830017
2015-10-15,111.860001,693.02002,95.959999,47.009997999999996,562.4400019999999
2015-10-16,111.040001,695.320007,97.540001,47.509997999999996,570.76001
2015-10-19,111.730003,699.950012,98.470001,47.619999,573.150024
2015-10-20,113.769997,680.0,97.0,47.77,560.880005
2015-10-21,113.760002,671.799988,97.110001,47.200001,555.77002
2015-10-22,115.5,681.1400150000001,99.66999799999999,48.029999,563.909973
2015-10-23,119.08000200000001,719.330017,102.190002,52.869999,599.030029
2015-10-26,115.279999,731.119995,103.769997,54.25,608.6099849999999
2015-10-27,114.550003,732.820007,103.699997,53.689999,611.01001
2015-10-28,119.269997,736.919983,104.199997,53.98,617.099976
2015-10-29,120.529999,744.849976,104.879997,53.360001000000004,626.549988
2015-10-30,119.5,737.3900150000001,101.970001,52.639998999999996,625.900024
2015-11-02,121.18,747.73999,103.309998,53.240002000000004,628.349976
2015-11-03,122.57,748.820007,102.58000200000001,54.150002,625.3099980000001
2015-11-04,122.0,755.3099980000001,103.940002,54.400002,640.950012
2015-11-05,120.91999799999999,760.669983,108.760002,54.380001,655.650024
2015-11-06,121.059998,761.599976,107.099998,54.919998,659.369995
2015-11-09,120.57,754.77002,106.489998,54.16,655.48999
2015-11-10,116.769997,758.26001,107.910004,53.509997999999996,659.679993
2015-11-11,116.110001,765.25,109.010002,53.650002,673.25
2015-11-12,115.720001,756.530029,108.019997,53.32,665.599976
2015-11-13,112.339996,740.070007,103.949997,52.84,642.349976
2015-11-16,114.18,750.419983,104.040001,53.77,647.8099980000001
2015-11-17,113.690002,745.97998,105.129997,52.970001,643.299988
2015-11-18,117.290001,760.01001,107.769997,53.849998,663.539978
2015-11-19,118.779999,759.9400019999999,106.260002,53.939999,661.27002
2015-11-20,119.300003,777.0,107.32,54.189999,668.450012
2015-11-23,117.75,776.700012,106.949997,54.189999,678.98999
2015-11-24,118.879997,769.630005,105.739998,54.25,671.150024
2015-11-25,118.029999,769.26001,105.410004,53.689999,675.340027
2015-11-27,117.809998,771.969971,105.449997,53.93,673.26001
2015-11-30,118.300003,762.849976,104.239998,54.349998,664.799988
2015-12-01,117.339996,783.789978,107.120003,55.220001,679.0599980000001
2015-12-02,116.279999,777.849976,106.07,55.209998999999996,676.01001
2015-12-03,115.199997,768.200012,104.379997,54.200001,666.25
2015-12-04,119.029999,779.210022,106.18,55.91,672.6400150000001
2015-12-07,118.279999,772.98999,105.610001,55.810001,669.830017
2015-12-08,118.230003,775.1400150000001,106.489998,55.790001000000004,677.330017
2015-12-09,115.620003,762.549988,104.599998,54.98,664.789978
2015-12-10,116.16999799999999,760.039978,105.41999799999999,55.27,662.320007
2015-12-11,113.18,750.419983,102.120003,54.060001,640.150024
2015-12-14,112.480003,762.539978,104.660004,55.139998999999996,657.909973
2015-12-15,110.489998,760.090027,104.550003,55.200001,658.6400150000001
2015-12-16,111.339996,776.590027,106.790001,56.130001,675.77002
2015-12-17,108.980003,769.830017,106.220001,55.700001,670.650024
2015-12-18,106.029999,756.849976,104.040001,54.130001,664.1400150000001
2015-12-21,107.33000200000001,760.799988,104.769997,54.830002,664.51001
2015-12-22,107.230003,767.130005,105.510002,55.349998,663.150024
2015-12-23,108.610001,768.51001,104.629997,55.82,663.700012
2015-12-24,108.029999,765.840027,105.019997,55.669998,662.789978
2015-12-28,106.82,782.23999,105.93,55.950001,675.200012
2015-12-29,108.739998,793.960022,107.260002,56.549999,693.969971
2015-12-30,107.32,790.299988,106.220001,56.310001,689.070007
2015-12-31,105.260002,778.01001,104.660004,55.48,675.8900150000001
2016-01-04,105.349998,759.4400019999999,102.220001,54.799999,636.98999
2016-01-05,102.709999,761.530029,102.730003,55.049999,633.789978
2016-01-06,100.699997,759.330017,102.970001,54.049999,632.650024
2016-01-07,96.449997,741.0,97.91999799999999,52.169998,607.9400019999999
2016-01-08,96.959999,730.909973,97.33000200000001,52.330002,607.049988
2016-01-11,98.529999,733.070007,97.510002,52.299999,617.73999
2016-01-12,99.959999,745.340027,99.370003,52.779999,617.8900150000001
2016-01-13,97.389999,719.570007,95.440002,51.639998999999996,581.8099980000001
2016-01-14,99.519997,731.3900150000001,98.370003,53.110001000000004,593.0
2016-01-15,97.129997,710.48999,94.970001,50.990002000000004,570.179993
2016-01-19,96.660004,719.080017,95.260002,50.560001,574.47998
2016-01-20,96.790001,718.5599980000001,94.349998,50.790001000000004,571.77002
2016-01-21,96.300003,726.669983,94.160004,50.48,575.02002
2016-01-22,101.41999799999999,745.460022,97.940002,52.290001000000004,596.380005
2016-01-25,99.440002,733.619995,97.010002,51.790001000000004,596.530029
2016-01-26,99.989998,733.789978,97.339996,52.169998,601.25
2016-01-27,93.41999799999999,717.580017,94.449997,51.220001,583.349976
2016-01-28,94.089996,748.299988,109.110001,52.060001,635.349976
2016-01-29,97.339996,761.349976,112.209999,55.09,587.0
2016-02-01,96.43,770.77002,115.089996,54.709998999999996,574.8099980000001
2016-02-02,94.480003,780.909973,114.610001,53.0,552.099976
2016-02-03,96.349998,749.380005,112.690002,52.16,531.070007
2016-02-04,96.599998,730.030029,110.489998,52.0,536.26001
2016-02-05,94.019997,703.76001,104.07,50.16,502.130005
2016-02-08,95.010002,704.159973,99.75,49.41,488.10000599999995
2016-02-09,94.989998,701.02002,99.540001,49.279999,482.07000700000003
2016-02-10,94.269997,706.849976,101.0,49.709998999999996,490.48001100000005
2016-02-11,93.699997,706.3599849999999,101.910004,49.689999,503.82000700000003
2016-02-12,93.989998,706.8900150000001,102.010002,50.5,507.079987
2016-02-16,96.639999,717.6400150000001,101.610001,51.09,521.099976
2016-02-17,98.120003,731.969971,105.199997,52.419998,534.099976
2016-02-18,96.260002,717.51001,103.470001,52.189999,525.0
2016-02-19,96.040001,722.1099849999999,104.57,51.82,534.900024
2016-02-22,96.879997,729.049988,107.160004,52.650002,559.5
2016-02-23,94.690002,717.289978,105.459999,51.18,552.9400019999999
2016-02-24,96.099998,720.900024,106.879997,51.360001000000004,554.039978
2016-02-25,96.760002,729.119995,108.07,52.099998,555.150024
2016-02-26,96.910004,724.8599849999999,107.91999799999999,51.299999,555.22998
2016-02-29,96.690002,717.219971,106.91999799999999,50.880001,552.52002
2016-03-01,100.529999,742.169983,109.82,52.580002,579.039978
2016-03-02,100.75,739.47998,109.949997,52.950001,580.210022
2016-03-03,101.5,731.590027,109.58000200000001,52.349998,577.48999
2016-03-04,103.010002,730.219971,108.389999,52.029999,575.1400150000001
2016-03-07,101.870003,712.799988,105.730003,51.029999,562.799988
2016-03-08,101.029999,713.530029,105.93,51.650002,560.26001
2016-03-09,101.120003,725.409973,107.510002,52.84,559.469971
2016-03-10,101.16999799999999,732.169983,107.32,52.049999,558.929993
2016-03-11,102.260002,744.869995,109.410004,53.07,569.6099849999999
2016-03-14,102.519997,750.23999,109.889999,53.169998,573.369995
2016-03-15,104.58000200000001,750.570007,110.66999799999999,53.59,577.02002
2016-03-16,105.970001,757.3599849999999,112.18,54.349998,574.27002
2016-03-17,105.800003,758.47998,111.019997,54.66,559.4400019999999
2016-03-18,105.91999799999999,755.409973,111.449997,53.490002000000004,552.080017
2016-03-21,105.910004,762.159973,111.849998,53.860001000000004,553.97998
2016-03-22,106.720001,760.049988,112.25,54.07,560.47998
2016-03-23,106.129997,757.5599980000001,112.540001,53.970001,569.630005
2016-03-24,105.66999799999999,754.840027,113.050003,54.209998999999996,582.950012
2016-03-28,105.190002,753.280029,113.690002,53.540001000000004,579.869995
2016-03-29,107.68,765.8900150000001,116.139999,54.709998999999996,593.8599849999999
2016-03-30,109.559998,768.340027,114.699997,55.049999,598.6900019999999
2016-03-31,108.989998,762.900024,114.099998,55.23,593.6400150000001
2016-04-01,109.989998,769.669983,116.059998,55.57,598.5
2016-04-04,111.120003,765.119995,112.550003,55.43,593.1900019999999
2016-04-05,109.809998,758.570007,112.220001,54.560001,586.1400150000001
2016-04-06,110.959999,768.070007,113.709999,55.119999,602.080017
2016-04-07,108.540001,760.119995,113.639999,54.459998999999996,591.429993
2016-04-08,108.660004,759.469971,110.629997,54.419998,594.599976
2016-04-11,109.019997,757.539978,108.989998,54.310001,595.929993
2016-04-12,110.440002,764.320007,110.610001,54.650002,603.169983
2016-04-13,112.040001,771.909973,110.510002,55.349998,614.820007
2016-04-14,112.099998,775.3900150000001,110.839996,55.360001000000004,620.75
2016-04-15,109.849998,780.0,109.639999,55.650002,625.8900150000001
2016-04-18,107.480003,787.679993,110.449997,56.459998999999996,635.349976
2016-04-19,106.910004,776.25,112.290001,56.389998999999996,627.900024
2016-04-20,107.129997,774.919983,112.41999799999999,55.59,632.98999
2016-04-21,105.970001,780.0,113.440002,55.779999,631.0
2016-04-22,105.68,737.77002,110.559998,51.779999,620.5
2016-04-25,105.08000200000001,742.210022,110.099998,52.110001000000004,626.200012
2016-04-26,104.349998,725.369995,108.760002,51.439999,616.880005
2016-04-27,97.82,721.460022,108.889999,50.939999,606.570007
2016-04-28,94.83000200000001,705.0599980000001,116.730003,49.900002,602.0
2016-04-29,93.739998,707.880005,117.58000200000001,49.869999,659.590027
2016-05-02,93.639999,714.409973,118.57,50.610001000000004,683.849976
2016-05-03,95.18,708.4400019999999,117.43,49.779999,671.320007
2016-05-04,94.190002,711.369995,118.059998,49.869999,670.900024
2016-05-05,93.239998,714.710022,117.809998,49.939999,659.090027
2016-05-06,92.720001,725.179993,119.489998,50.389998999999996,673.950012
2016-05-09,92.790001,729.130005,119.239998,50.07,679.75
2016-05-10,93.41999799999999,739.380005,120.5,51.02,703.070007
2016-05-11,92.510002,730.549988,119.519997,51.049999,713.22998
2016-05-12,90.339996,728.070007,120.279999,51.509997999999996,717.929993
2016-05-13,90.519997,724.830017,119.809998,51.080002,709.919983
2016-05-16,93.879997,730.299988,118.66999799999999,51.830002,710.659973
2016-05-17,93.489998,720.1900019999999,117.349998,50.509997999999996,695.27002
2016-05-18,94.559998,721.780029,117.650002,50.810001,697.450012
2016-05-19,94.199997,715.3099980000001,116.809998,50.32,698.52002
2016-05-20,95.220001,721.710022,117.349998,50.619999,702.799988
2016-05-23,96.43,717.25,115.970001,50.029999,696.75
2016-05-24,97.900002,733.030029,117.699997,51.59,704.200012
2016-05-25,99.620003,738.099976,117.889999,52.119999,708.349976
2016-05-26,100.410004,736.929993,119.470001,51.889998999999996,714.909973
2016-05-27,100.349998,747.599976,119.379997,52.32,712.23999
2016-05-31,99.860001,748.849976,118.809998,53.0,722.789978
2016-06-01,98.459999,748.460022,118.779999,52.849998,719.4400019999999
2016-06-02,97.720001,744.27002,118.93,52.48,728.23999
2016-06-03,97.91999799999999,735.8599849999999,118.470001,51.790001000000004,725.539978
2016-06-06,98.629997,730.0599980000001,118.790001,52.130001,726.72998
2016-06-07,99.029999,731.090027,117.760002,52.099998,723.73999
2016-06-08,98.940002,742.929993,118.389999,52.040001000000004,726.6400150000001
2016-06-09,99.650002,742.52002,118.559998,51.619999,727.650024
2016-06-10,98.83000200000001,733.1900019999999,116.620003,51.48,717.909973
2016-06-13,97.339996,731.880005,113.949997,50.139998999999996,715.23999
2016-06-14,97.459999,733.25,114.940002,49.830002,719.299988
2016-06-15,97.139999,732.1900019999999,114.599998,49.689999,714.26001
2016-06-16,97.550003,724.25,114.389999,50.389998999999996,717.51001
2016-06-17,95.33000200000001,704.25,113.019997,50.130001,706.3900150000001
2016-06-20,95.099998,706.130005,113.370003,50.07,714.01001
2016-06-21,95.910004,708.880005,114.379997,51.189999,715.820007
2016-06-22,95.550003,710.469971,113.910004,50.990002000000004,710.599976
2016-06-23,96.099998,714.869995,115.08000200000001,51.91,722.080017
2016-06-24,93.400002,685.200012,112.08000200000001,49.830002,698.960022
2016-06-27,92.040001,681.1400150000001,108.970001,48.43,691.3599849999999
2016-06-28,93.589996,691.26001,112.699997,49.439999,707.950012
2016-06-29,94.400002,695.1900019999999,114.160004,50.540001000000004,715.599976
2016-06-30,95.599998,703.530029,114.279999,51.169998,715.619995
2016-07-01,95.889999,710.25,114.190002,51.16,725.679993
2016-07-05,94.989998,704.8900150000001,114.199997,51.169998,728.099976
2016-07-06,95.529999,708.969971,116.699997,51.380001,737.6099849999999
2016-07-07,95.940002,707.26001,115.849998,51.380001,736.570007
2016-07-08,96.68,717.780029,117.239998,52.299999,745.8099980000001
2016-07-11,96.980003,727.200012,117.870003,52.59,753.780029
2016-07-12,97.41999799999999,732.51001,117.93,53.209998999999996,748.210022
2016-07-13,96.870003,729.47998,116.779999,53.509997999999996,742.630005
2016-07-14,98.790001,735.799988,117.290001,53.740002000000004,741.200012
2016-07-15,98.779999,735.630005,116.860001,53.700001,735.4400019999999
2016-07-18,99.83000200000001,753.200012,119.370003,53.959998999999996,736.070007
2016-07-19,99.870003,753.409973,120.610001,53.09,739.950012
2016-07-20,99.959999,757.080017,121.91999799999999,55.91,745.719971
2016-07-21,99.43,754.409973,120.610001,55.799999,744.429993
2016-07-22,98.660004,759.280029,121.0,56.57,744.8599849999999
2016-07-25,97.339996,757.52002,121.629997,56.73,739.6099849999999
2016-07-26,96.66999799999999,757.650024,121.220001,56.759997999999996,735.590027
2016-07-27,102.949997,761.969971,123.339996,56.189999,736.669983
2016-07-28,104.339996,765.840027,125.0,56.209998999999996,752.6099849999999
2016-07-29,104.209999,791.340027,123.940002,56.68,758.8099980000001
2016-08-01,106.050003,800.9400019999999,124.309998,56.580002,767.73999
2016-08-02,104.480003,800.119995,123.089996,56.580002,760.580017
2016-08-03,105.790001,798.919983,122.510002,56.970001,754.6400150000001
2016-08-04,105.870003,797.25,124.360001,57.389998999999996,760.77002
2016-08-05,107.480003,806.929993,125.150002,57.959998999999996,765.97998
2016-08-08,108.370003,805.22998,125.260002,58.060001,766.5599980000001
2016-08-09,108.809998,807.47998,125.059998,58.200001,768.3099980000001
2016-08-10,108.0,808.48999,124.879997,58.02,768.5599980000001
2016-08-11,107.93,808.200012,124.900002,58.299999,771.23999
2016-08-12,108.18,807.049988,124.879997,57.939999,772.5599980000001
2016-08-15,109.480003,805.960022,123.900002,58.119999,768.48999
2016-08-16,109.379997,801.1900019999999,123.300003,57.439999,764.039978
2016-08-17,109.220001,805.419983,124.370003,57.560001,764.630005
2016-08-18,109.08000200000001,802.75,123.910004,57.599998,764.460022
2016-08-19,109.360001,799.650024,123.559998,57.619999,757.3099980000001
2016-08-22,108.510002,796.950012,124.150002,57.669998,759.47998
2016-08-23,108.849998,796.590027,124.370003,57.889998999999996,762.450012
2016-08-24,108.029999,793.599976,123.480003,57.950001,757.25
2016-08-25,107.57,791.299988,123.889999,58.169998,759.219971
2016-08-26,106.940002,793.219971,124.959999,58.029999,769.0
2016-08-29,106.82,795.820007,126.540001,58.099998,771.289978
2016-08-30,106.0,791.919983,125.839996,57.889998999999996,767.580017
2016-08-31,106.099998,789.849976,126.120003,57.459998999999996,769.159973
2016-09-01,106.730003,791.400024,126.16999799999999,57.59,770.619995
2016-09-02,107.730003,796.869995,126.510002,57.669998,772.4400019999999
2016-09-06,107.699997,808.02002,129.729996,57.610001000000004,788.869995
2016-09-07,108.360001,807.98999,131.050003,57.66,784.47998
2016-09-08,105.519997,802.840027,130.270004,57.43,784.0599980000001
2016-09-09,103.129997,788.47998,127.099998,56.209998999999996,760.1400150000001
2016-09-12,105.440002,798.820007,128.690002,57.049999,771.48999
2016-09-13,107.949997,788.719971,127.209999,56.529999,761.01001
2016-09-14,111.769997,790.460022,127.769997,56.259997999999996,761.090027
2016-09-15,115.57,801.22998,128.350006,57.189999,769.6900019999999
2016-09-16,114.91999799999999,797.969971,129.070007,57.25,778.52002
2016-09-19,113.58000200000001,795.3900150000001,128.649994,56.93,775.099976
2016-09-20,113.57,799.780029,128.639999,56.810001,780.219971
2016-09-21,113.550003,805.030029,129.940002,57.759997999999996,789.73999
2016-09-22,114.620003,815.950012,130.080002,57.82,804.700012
2016-09-23,112.709999,814.960022,127.959999,57.43,805.75
2016-09-26,112.879997,802.650024,127.309998,56.900002,799.159973
2016-09-27,113.089996,810.72998,128.690002,57.950001,816.1099849999999
2016-09-28,113.949997,810.0599980000001,129.229996,58.029999,828.719971
2016-09-29,112.18,802.6400150000001,128.08999599999999,57.400002,829.049988
2016-09-30,113.050003,804.0599980000001,128.270004,57.599998,837.3099980000001
2016-10-03,112.519997,800.380005,128.770004,57.419998,836.73999
2016-10-04,113.0,802.789978,128.190002,57.240002000000004,834.030029
2016-10-05,113.050003,801.22998,128.470001,57.639998999999996,844.3599849999999
2016-10-06,113.889999,803.080017,128.740005,57.740002000000004,841.659973
2016-10-07,114.059998,800.710022,128.990005,57.799999,839.429993
2016-10-10,116.050003,814.169983,130.240005,58.040001000000004,841.7100220000001
2016-10-11,116.300003,809.570007,128.880005,57.189999,831.0
2016-10-12,117.339996,811.77002,129.050003,57.110001000000004,834.090027
2016-10-13,116.980003,804.080017,127.82,56.919998,829.280029
2016-10-14,117.629997,804.599976,127.879997,57.419998,822.960022
2016-10-17,117.550003,806.840027,127.540001,57.220001,812.950012
2016-10-18,117.470001,821.48999,128.570007,57.66,817.650024
2016-10-19,117.120003,826.840027,130.110001,57.529999,817.6900019999999
2016-10-20,117.059998,821.630005,130.0,57.25,810.320007
2016-10-21,116.599998,824.0599980000001,132.070007,59.66,818.98999
2016-10-24,117.650002,835.73999,133.279999,61.0,838.090027
2016-10-25,118.25,828.549988,132.28999299999998,60.990002000000004,835.179993
2016-10-26,115.589996,822.099976,131.03999299999998,60.630001,822.590027
2016-10-27,114.480003,817.349976,129.690002,60.099998,818.3599849999999
2016-10-28,113.720001,819.5599980000001,131.28999299999998,59.869999,776.320007
2016-10-31,113.540001,809.900024,130.990005,59.919998,789.820007
2016-11-01,111.489998,805.47998,129.5,59.799999,785.409973
2016-11-02,111.589996,788.419983,127.16999799999999,59.43,765.5599980000001
2016-11-03,109.83000200000001,782.1900019999999,120.0,59.209998999999996,767.030029
2016-11-04,108.839996,781.099976,120.75,58.709998999999996,755.049988
2016-11-07,110.410004,802.030029,122.150002,60.419998,784.929993
2016-11-08,111.059998,811.97998,124.220001,60.470001,787.75
2016-11-09,110.879997,805.590027,123.18,60.169998,771.880005
2016-11-10,107.790001,780.289978,120.800003,58.700001,742.380005
2016-11-11,108.43,771.75,119.019997,59.02,739.01001
2016-11-14,105.709999,753.219971,115.08000200000001,58.119999,719.070007
2016-11-15,107.110001,775.159973,117.199997,58.869999,743.23999
2016-11-16,109.989998,779.97998,116.339996,59.650002,746.48999
2016-11-17,109.949997,786.159973,117.790001,60.639998999999996,756.400024
2016-11-18,110.059998,775.969971,117.019997,60.349998,760.159973
2016-11-21,111.730003,784.799988,121.769997,60.860001000000004,780.0
2016-11-22,111.800003,785.0,121.470001,61.119999,785.330017
2016-11-23,111.230003,779.0,120.839996,60.400002,780.119995
2016-11-25,111.790001,780.22998,120.379997,60.529999,780.369995
2016-11-28,111.57,785.789978,120.410004,60.610001000000004,766.77002
2016-11-29,111.459999,789.4400019999999,120.870003,61.09,762.52002
2016-11-30,110.519997,775.880005,118.41999799999999,60.259997999999996,750.570007
2016-12-01,109.489998,764.330017,115.099998,59.200001,743.650024
2016-12-02,109.900002,764.460022,115.400002,59.25,740.340027
2016-12-05,109.110001,778.219971,117.43,60.220001,759.3599849999999
2016-12-06,109.949997,776.179993,117.309998,59.950001,764.719971
2016-12-07,111.029999,791.469971,117.949997,61.369999,770.419983
2016-12-08,112.120003,795.169983,118.910004,61.009997999999996,767.330017
2016-12-09,113.949997,809.450012,119.68,61.970001,768.659973
2016-12-12,113.300003,807.900024,117.769997,62.169998,760.119995
2016-12-13,115.190002,815.340027,120.309998,62.98,774.340027
2016-12-14,115.190002,817.8900150000001,120.209999,62.68,768.820007
2016-12-15,115.82,815.650024,120.57,62.580002,761.0
2016-12-16,115.970001,809.840027,119.870003,62.299999,757.77002
2016-12-19,116.639999,812.5,119.239998,63.619999,766.0
2016-12-20,116.949997,815.200012,119.089996,63.540001000000004,771.219971
2016-12-21,117.059998,812.200012,119.040001,63.540001000000004,770.599976
2016-12-22,116.290001,809.679993,117.400002,63.549999,766.340027
2016-12-23,116.519997,807.799988,117.269997,63.240002000000004,760.590027
2016-12-27,117.260002,809.929993,118.010002,63.279999,771.400024
2016-12-28,116.760002,804.570007,116.91999799999999,62.990002000000004,772.130005
2016-12-29,116.730003,802.880005,116.349998,62.900002,765.150024
2016-12-30,115.82,792.450012,115.050003,62.139998999999996,749.869995
2017-01-03,116.150002,808.01001,116.860001,62.580002,753.669983
2017-01-04,116.019997,807.77002,118.690002,62.299999,757.179993
2017-01-05,116.610001,813.02002,120.66999799999999,62.299999,780.450012
2017-01-06,117.910004,825.210022,123.410004,62.84,795.98999
2017-01-09,118.989998,827.179993,124.900002,62.639998999999996,796.919983
2017-01-10,119.110001,826.01001,124.349998,62.619999,795.900024
2017-01-11,119.75,829.8599849999999,126.089996,63.189999,799.02002
2017-01-12,119.25,829.530029,126.620003,62.610001000000004,813.6400150000001
2017-01-13,119.040001,830.9400019999999,128.33999599999999,62.700001,817.1400150000001
2017-01-17,120.0,827.460022,127.870003,62.529999,809.719971
2017-01-18,119.989998,829.02002,127.91999799999999,62.5,807.47998
2017-01-19,119.779999,824.369995,127.550003,62.299999,809.039978
2017-01-20,120.0,828.169983,127.040001,62.740002000000004,808.330017
2017-01-23,120.08000200000001,844.429993,128.929993,62.959998999999996,817.880005
2017-01-24,119.970001,849.5300289999999,129.369995,63.52,822.4400019999999
2017-01-25,121.879997,858.4500119999999,131.479996,63.68,836.52002
2017-01-26,121.940002,856.9799800000001,132.779999,64.269997,839.150024
2017-01-27,121.949997,845.0300289999999,132.179993,65.779999,835.77002
2017-01-30,121.629997,823.830017,130.979996,65.129997,830.380005
2017-01-31,121.349998,820.1900019999999,130.320007,64.650002,823.47998
2017-02-01,128.75,815.23999,133.229996,63.580002,832.349976
2017-02-02,128.529999,818.26001,130.83999599999999,63.169998,839.9500119999999
2017-02-03,129.080002,820.130005,130.979996,63.68,810.200012
2017-02-06,130.28999299999998,821.619995,132.059998,63.639998999999996,807.6400150000001
2017-02-07,131.529999,829.22998,131.83999599999999,63.43,812.5
2017-02-08,132.03999299999998,829.880005,134.199997,63.34,819.710022
2017-02-09,132.419998,830.0599980000001,134.139999,64.059998,821.3599849999999
2017-02-10,132.119995,834.849976,134.190002,64.0,827.460022
2017-02-13,133.28999299999998,838.9600220000001,134.050003,64.720001,836.530029
2017-02-14,135.020004,840.0300289999999,133.850006,64.57,836.3900150000001
2017-02-15,135.509995,837.320007,133.440002,64.529999,842.7000119999999
2017-02-16,135.350006,842.169983,133.83999599999999,64.519997,844.1400150000001
2017-02-17,135.720001,846.5499880000001,133.529999,64.620003,845.070007
2017-02-21,136.699997,849.2700199999999,133.720001,64.489998,856.4400019999999
2017-02-22,137.110001,851.3599849999999,136.119995,64.360001,855.6099849999999
2017-02-23,136.529999,851.0,135.360001,64.620003,852.1900019999999
2017-02-24,136.66000400000001,847.8099980000001,135.440002,64.620003,845.23999
2017-02-27,136.929993,849.669983,136.41000400000001,64.230003,848.6400150000001
2017-02-28,136.990005,844.929993,135.53999299999998,63.98,845.0399779999999
2017-03-01,139.78999299999998,856.75,137.419998,64.940002,853.080017
2017-03-02,138.96000700000002,849.849976,136.759995,64.010002,848.909973
2017-03-03,139.779999,849.080017,137.169998,64.25,849.8800050000001
2017-03-06,139.33999599999999,847.2700199999999,137.419998,64.269997,846.6099849999999
2017-03-07,139.520004,851.150024,137.300003,64.400002,846.0200199999999
2017-03-08,139.0,853.6400150000001,137.720001,64.989998,850.5
2017-03-09,138.679993,857.840027,138.240005,64.730003,853.0
2017-03-10,139.139999,861.409973,138.78999299999998,64.93,852.4600220000001
2017-03-13,139.199997,864.580017,139.600006,64.709999,854.590027
2017-03-14,138.990005,865.909973,139.320007,64.410004,852.5300289999999
2017-03-15,140.46000700000002,868.3900150000001,139.720001,64.75,852.9699710000001
2017-03-16,140.690002,870.0,139.990005,64.639999,853.419983
2017-03-17,139.990005,872.3699949999999,139.83999599999999,64.870003,852.3099980000001
2017-03-20,141.46000700000002,867.909973,139.940002,64.93,856.9699710000001
2017-03-21,139.83999599999999,850.1400150000001,138.509995,64.209999,843.2000119999999
2017-03-22,141.419998,849.7999880000001,139.58999599999999,65.029999,848.0599980000001
2017-03-23,140.919998,839.650024,139.529999,64.870003,847.3800050000001
2017-03-24,140.639999,835.1400150000001,140.33999599999999,64.980003,845.6099849999999
2017-03-27,140.880005,838.51001,140.320007,65.099998,846.820007
2017-03-28,143.800003,840.6300050000001,141.759995,65.290001,856.0
2017-03-29,144.119995,849.8699949999999,142.649994,65.470001,874.320007
2017-03-30,143.929993,849.4799800000001,142.41000400000001,65.709999,876.340027
2017-03-31,143.66000400000001,847.7999880000001,142.050003,65.860001,886.5399779999999
2017-04-03,143.699997,856.75,142.279999,65.550003,891.51001
2017-04-04,144.770004,852.570007,141.729996,65.730003,906.830017
2017-04-05,144.020004,848.909973,141.850006,65.559998,909.2800289999999
2017-04-06,143.66000400000001,845.099976,141.169998,65.730003,898.2800289999999
2017-04-07,143.33999599999999,842.099976,140.779999,65.68,894.8800050000001
2017-04-10,143.169998,841.7000119999999,141.03999299999998,65.529999,907.0399779999999
2017-04-11,141.630005,839.8800050000001,139.919998,65.480003,902.3599849999999
2017-04-12,141.800003,841.4600220000001,139.580002,65.230003,896.2299800000001
2017-04-13,141.050003,840.179993,139.389999,64.949997,884.669983
2017-04-17,141.830002,855.1300050000001,141.419998,65.480003,901.98999
2017-04-18,141.199997,853.98999,140.96000700000002,65.389999,903.7800289999999
2017-04-19,140.679993,856.51001,142.270004,65.040001,899.2000119999999
2017-04-20,142.440002,860.080017,143.800003,65.5,902.0599980000001
2017-04-21,142.270004,858.9500119999999,143.679993,66.400002,898.5300289999999
2017-04-24,143.639999,878.929993,145.470001,67.529999,907.409973
2017-04-25,144.529999,888.840027,146.490005,67.91999799999999,907.6199949999999
2017-04-26,143.679993,889.1400150000001,146.559998,67.83000200000001,909.2899779999999
2017-04-27,143.78999299999998,891.4400019999999,147.699997,68.269997,918.3800050000001
2017-04-28,143.649994,924.5200199999999,150.25,68.459999,924.98999
2017-05-01,146.580002,932.820007,152.46000700000002,69.410004,948.2299800000001
2017-05-02,147.509995,937.090027,152.779999,69.300003,946.9400019999999
2017-05-03,147.059998,948.4500119999999,151.800003,69.08000200000001,941.0300289999999
2017-05-04,146.529999,954.7199710000001,150.850006,68.809998,937.5300289999999
2017-05-05,148.96000700000002,950.2800289999999,150.240005,69.0,934.150024
2017-05-08,153.009995,958.6900019999999,151.059998,68.940002,949.0399779999999
2017-05-09,153.990005,956.7100220000001,150.479996,69.040001,952.820007
2017-05-10,153.259995,954.840027,150.28999299999998,69.309998,948.9500119999999
2017-05-11,153.949997,955.8900150000001,150.03999299999998,68.459999,947.6199949999999
2017-05-12,156.100006,955.1400150000001,150.330002,68.379997,961.349976
2017-05-15,155.699997,959.2199710000001,150.190002,68.43,957.9699710000001
2017-05-16,155.470001,964.6099849999999,149.779999,69.410004,966.070007
2017-05-17,150.25,942.169983,144.850006,67.480003,944.76001
2017-05-18,152.53999299999998,950.5,147.66000400000001,67.709999,958.48999
2017-05-19,153.059998,954.650024,148.059998,67.690002,959.840027
2017-05-22,153.990005,964.070007,148.240005,68.449997,970.669983
2017-05-23,153.800003,970.5499880000001,148.070007,68.68,971.5399779999999
2017-05-24,153.33999599999999,977.6099849999999,150.03999299999998,68.769997,980.349976
2017-05-25,153.869995,991.8599849999999,151.96000700000002,69.620003,993.3800050000001
2017-05-26,153.610001,993.2700199999999,152.130005,69.959999,995.7800289999999
2017-05-30,153.669998,996.169983,152.380005,70.410004,996.7000119999999
2017-05-31,152.759995,987.090027,151.46000700000002,69.839996,994.6199949999999
2017-06-01,153.179993,988.2899779999999,151.529999,70.099998,995.9500119999999
2017-06-02,155.449997,996.1199949999999,153.610001,71.760002,1006.7299800000001
2017-06-05,153.929993,1003.8800050000001,153.630005,72.279999,1011.340027
2017-06-06,154.449997,996.679993,152.809998,72.519997,1003.0
2017-06-07,155.369995,1001.5,153.119995,72.389999,1010.070007
2017-06-08,154.990005,1004.2800289999999,154.71000700000002,71.949997,1010.2700199999999
2017-06-09,148.979996,970.1199949999999,149.600006,70.32,978.3099980000001
2017-06-12,145.419998,961.8099980000001,148.440002,69.779999,964.909973
2017-06-13,146.58999599999999,970.5,150.679993,70.650002,980.7899779999999
2017-06-14,145.16000400000001,967.929993,150.25,70.269997,976.4699710000001
2017-06-15,144.28999299999998,960.179993,149.800003,69.900002,964.169983
2017-06-16,142.270004,958.6199949999999,150.639999,70.0,987.7100220000001
2017-06-19,146.33999599999999,975.2199710000001,152.869995,70.870003,995.169983
2017-06-20,145.009995,968.98999,152.25,69.910004,992.590027
2017-06-21,145.869995,978.590027,153.91000400000001,70.269997,1002.2299800000001
2017-06-22,145.630005,976.6199949999999,153.399994,70.260002,1001.2999880000001
2017-06-23,146.279999,986.090027,155.070007,71.209999,1003.73999
2017-06-26,145.820007,972.090027,153.58999599999999,70.529999,993.9799800000001
2017-06-27,143.729996,948.090027,150.580002,69.209999,976.7800289999999
2017-06-28,145.830002,961.01001,153.240005,69.800003,990.330017
2017-06-29,143.679993,937.820007,151.03999299999998,68.489998,975.929993
2017-06-30,144.020004,929.679993,150.979996,68.93,968.0
2017-07-03,143.5,919.4600220000001,148.429993,68.16999799999999,953.659973
2017-07-05,144.08999599999999,932.26001,150.33999599999999,69.08000200000001,971.400024
2017-07-06,142.729996,927.6900019999999,148.820007,68.57,965.1400150000001
2017-07-07,144.179993,940.8099980000001,151.440002,69.459999,978.76001
2017-07-10,145.059998,951.0,153.5,69.980003,996.4699710000001
2017-07-11,145.529999,953.5300289999999,155.270004,69.989998,994.1300050000001
2017-07-12,145.740005,967.659973,158.899994,71.150002,1006.51001
2017-07-13,147.770004,968.849976,159.259995,71.769997,1000.6300050000001
2017-07-14,149.03999299999998,976.909973,159.970001,72.779999,1001.8099980000001
2017-07-17,149.559998,975.9600220000001,159.729996,73.349998,1010.0399779999999
2017-07-18,150.080002,986.9500119999999,162.860001,73.300003,1024.449951
2017-07-19,151.020004,992.7700199999999,164.139999,73.860001,1026.869995
2017-07-20,150.33999599999999,992.1900019999999,164.529999,74.220001,1028.699951
2017-07-21,150.270004,993.840027,164.429993,73.790001,1025.670044
2017-07-24,152.08999599999999,998.3099980000001,166.0,73.599998,1038.949951
2017-07-25,152.740005,969.0300289999999,165.279999,74.190002,1039.869995
2017-07-26,153.46000700000002,965.3099980000001,165.610001,74.050003,1052.800049
2017-07-27,150.559998,952.51001,170.440002,73.160004,1046.0
2017-07-28,149.5,958.330017,172.449997,73.040001,1020.0399779999999
2017-07-31,148.729996,945.5,169.25,72.699997,987.7800289999999
2017-08-01,150.050003,946.5599980000001,169.860001,72.58000200000001,996.1900019999999
2017-08-02,157.139999,947.6400150000001,169.300003,72.260002,995.8900150000001
2017-08-03,155.570007,940.2999880000001,168.58999599999999,72.150002,986.919983
2017-08-04,156.389999,945.7899779999999,169.619995,72.68,987.580017
2017-08-07,158.809998,945.75,171.979996,72.400002,992.2700199999999
2017-08-08,160.080002,944.1900019999999,171.229996,72.790001,989.840027
2017-08-09,161.059998,940.080017,171.179993,72.470001,982.01001
2017-08-10,155.320007,923.590027,167.399994,71.410004,956.919983
2017-08-11,157.479996,930.090027,168.080002,72.5,967.98999
2017-08-14,159.850006,938.929993,170.75,73.589996,983.2999880000001
2017-08-15,161.600006,938.080017,171.0,73.220001,982.73999
2017-08-16,160.949997,944.2700199999999,170.0,73.650002,978.179993
2017-08-17,157.860001,927.659973,166.91000400000001,72.400002,960.570007
2017-08-18,157.5,926.179993,167.41000400000001,72.489998,958.4699710000001
2017-08-21,157.21000700000002,920.8699949999999,167.779999,72.150002,953.2899779999999
2017-08-22,159.779999,940.400024,169.639999,73.160004,966.900024
2017-08-23,159.979996,942.580017,168.71000700000002,72.720001,958.0
2017-08-24,159.270004,936.8900150000001,167.740005,72.690002,952.4500119999999
2017-08-25,159.860001,930.5,166.320007,72.82,945.26001
2017-08-28,161.470001,928.1300050000001,167.240005,72.83000200000001,946.0200199999999
2017-08-29,162.91000400000001,935.75,168.050003,73.050003,954.0599980000001
2017-08-30,163.350006,943.6300050000001,169.919998,74.010002,967.590027
2017-08-31,164.0,955.23999,171.970001,74.769997,980.599976
2017-09-01,164.050003,951.98999,172.020004,73.940002,978.25
2017-09-05,162.080002,941.4799800000001,170.720001,73.610001,965.2700199999999
2017-09-06,161.91000400000001,942.0200199999999,172.08999599999999,73.400002,967.7999880000001
2017-09-07,161.259995,949.8900150000001,173.21000700000002,74.339996,979.4699710000001
2017-09-08,158.630005,941.409973,170.949997,73.980003,965.900024
2017-09-11,161.5,943.2899779999999,173.509995,74.760002,977.9600220000001
2017-09-12,160.860001,946.650024,172.96000700000002,74.68,982.580017
2017-09-13,159.649994,950.4400019999999,173.050003,75.209999,999.599976
2017-09-14,158.279999,940.1300050000001,170.96000700000002,74.769997,992.2100220000001
2017-09-15,159.880005,935.2899779999999,171.639999,75.309998,986.7899779999999
2017-09-18,158.669998,929.75,170.009995,75.160004,974.1900019999999
2017-09-19,158.729996,936.8599849999999,172.520004,75.440002,969.8599849999999
2017-09-20,156.070007,947.5399779999999,172.169998,74.940002,973.2100220000001
2017-09-21,153.389999,947.5499880000001,171.110001,74.209999,964.650024
2017-09-22,151.889999,943.26001,170.53999299999998,74.410004,955.099976
2017-09-25,150.550003,934.2800289999999,162.869995,73.260002,939.7899779999999
2017-09-26,153.139999,937.429993,164.21000700000002,73.260002,938.599976
2017-09-27,154.229996,959.900024,167.679993,73.849998,950.8699949999999
2017-09-28,153.279999,964.8099980000001,168.729996,73.870003,956.400024
2017-09-29,154.119995,973.7199710000001,170.869995,74.489998,961.349976
2017-10-02,153.809998,967.4699710000001,169.470001,74.610001,959.1900019999999
2017-10-03,154.479996,972.080017,169.96000700000002,74.260002,957.099976
2017-10-04,153.479996,966.7800289999999,168.419998,74.690002,965.4500119999999
2017-10-05,155.389999,985.1900019999999,171.240005,75.970001,980.849976
2017-10-06,155.300003,993.6400150000001,172.229996,76.0,989.580017
2017-10-09,155.83999599999999,992.3099980000001,172.5,76.290001,990.98999
2017-10-10,155.899994,987.7999880000001,171.58999599999999,76.290001,987.2000119999999
2017-10-11,156.550003,1005.650024,172.740005,76.41999799999999,995.0
2017-10-12,156.0,1005.650024,172.550003,77.120003,1000.929993
2017-10-13,156.990005,1007.8699949999999,173.740005,77.489998,1002.9400019999999
2017-10-16,159.880005,1009.349976,174.520004,77.650002,1006.340027
2017-10-17,160.470001,1011.0,176.110001,77.589996,1009.1300050000001
2017-10-18,159.759995,1012.73999,176.029999,77.610001,997.0
2017-10-19,155.979996,1001.840027,174.559998,77.910004,986.6099849999999
2017-10-20,156.25,1005.070007,174.979996,78.809998,982.909973
2017-10-23,156.169998,985.5399779999999,171.270004,78.83000200000001,966.2999880000001
2017-10-24,157.100006,988.48999,171.800003,78.860001,975.900024
2017-10-25,156.41000400000001,991.4600220000001,170.600006,78.629997,972.909973
2017-10-26,157.41000400000001,991.419983,170.630005,78.760002,972.429993
2017-10-27,163.050003,1033.670044,177.880005,83.809998,1100.949951
2017-10-30,166.720001,1033.130005,179.869995,83.889999,1110.849976
2017-10-31,169.03999299999998,1033.040039,180.059998,83.18,1105.280029
2017-11-01,166.889999,1042.599976,182.66000400000001,83.18,1103.680054
2017-11-02,168.110001,1042.969971,178.919998,84.050003,1094.219971
2017-11-03,172.5,1049.98999,178.919998,84.139999,1111.599976
2017-11-06,174.25,1042.680054,180.169998,84.470001,1120.660034
2017-11-07,174.809998,1052.390015,180.25,84.269997,1123.170044
2017-11-08,176.240005,1058.290039,179.559998,84.559998,1132.880005
2017-11-09,175.880005,1047.719971,179.300003,84.089996,1129.130005
2017-11-10,174.669998,1044.150024,178.46000700000002,83.870003,1125.349976
2017-11-13,173.970001,1041.199951,178.770004,83.93,1129.170044
2017-11-14,171.33999599999999,1041.640015,178.070007,84.050003,1136.839966
2017-11-15,169.080002,1036.410034,177.949997,82.980003,1126.689941
2017-11-16,171.100006,1048.469971,179.58999599999999,83.199997,1137.290039
2017-11-17,170.149994,1035.890015,179.0,82.400002,1129.880005
2017-11-20,169.979996,1034.660034,178.740005,82.529999,1126.310059
2017-11-21,173.139999,1050.300049,181.860001,83.720001,1139.48999
2017-11-22,174.96000700000002,1051.920044,180.869995,83.110001,1156.160034
2017-11-24,174.970001,1056.52002,182.779999,83.260002,1186.0
2017-11-27,174.08999599999999,1072.01001,183.029999,83.870003,1195.829956
2017-11-28,173.070007,1063.290039,182.419998,84.879997,1193.599976
2017-11-29,169.479996,1037.380005,175.130005,83.339996,1161.27002
2017-11-30,171.850006,1036.170044,177.179993,84.16999799999999,1176.75
2017-12-01,171.050003,1025.069946,175.100006,84.260002,1162.349976
2017-12-04,169.800003,1011.8699949999999,171.470001,81.08000200000001,1133.949951
2017-12-05,169.639999,1019.599976,172.830002,81.589996,1141.569946
2017-12-06,169.009995,1032.719971,176.059998,82.779999,1152.349976
2017-12-07,169.320007,1044.569946,180.139999,82.489998,1159.790039
2017-12-08,169.369995,1049.380005,179.0,84.160004,1162.0
2017-12-11,172.669998,1051.969971,179.03999299999998,85.230003,1168.920044
2017-12-12,171.699997,1048.77002,176.96000700000002,85.58000200000001,1165.079956
2017-12-13,172.270004,1051.390015,178.300003,85.349998,1164.130005
2017-12-14,172.220001,1057.469971,178.389999,84.690002,1174.26001
2017-12-15,173.970001,1072.0,180.179993,86.849998,1179.140015
2017-12-18,176.419998,1085.089966,180.820007,86.379997,1190.579956
2017-12-19,174.53999299999998,1079.780029,179.509995,85.83000200000001,1187.380005
2017-12-20,174.350006,1073.560059,177.889999,85.519997,1177.619995
2017-12-21,175.009995,1070.849976,177.449997,85.5,1174.76001
2017-12-22,175.009995,1068.859985,177.199997,85.510002,1168.359985
2017-12-26,170.570007,1065.849976,175.990005,85.400002,1176.76001
2017-12-27,170.600006,1060.199951,177.619995,85.709999,1182.26001
2017-12-28,171.080002,1055.949951,177.919998,85.720001,1186.099976
2017-12-29,169.229996,1053.400024,176.46000700000002,85.540001,1169.469971
2018-01-02,172.259995,1073.209961,181.419998,85.949997,1189.01001
2018-01-03,172.229996,1091.52002,184.669998,86.349998,1204.199951
2018-01-04,173.029999,1095.76001,184.330002,87.110001,1209.589966
2018-01-05,175.0,1110.290039,186.850006,88.190002,1229.140015
2018-01-08,174.350006,1114.209961,188.279999,88.279999,1246.869995
2018-01-09,174.330002,1112.790039,187.869995,88.220001,1252.699951
2018-01-10,174.28999299999998,1110.140015,187.83999599999999,87.82,1254.329956
2018-01-11,175.279999,1112.050049,187.770004,88.08000200000001,1276.680054
2018-01-12,177.08999599999999,1130.650024,179.369995,89.599998,1305.199951
2018-01-16,176.190002,1130.699951,178.389999,88.349998,1304.859985
2018-01-17,179.100006,1139.099976,177.600006,90.139999,1295.0
2018-01-18,179.259995,1135.969971,179.800003,90.099998,1293.319946
2018-01-19,178.46000700000002,1143.5,181.28999299999998,90.0,1294.579956
2018-01-22,177.0,1164.160034,185.369995,91.610001,1327.310059
2018-01-23,177.03999299999998,1176.170044,189.350006,91.900002,1362.540039
2018-01-24,174.220001,1171.290039,186.550003,91.82,1357.51001
2018-01-25,171.110001,1182.140015,187.479996,92.33000200000001,1377.949951
2018-01-26,171.509995,1187.560059,190.0,94.059998,1402.050049
2018-01-29,167.96000700000002,1186.47998,185.979996,93.91999799999999,1417.680054
2018-01-30,166.970001,1177.369995,187.119995,92.739998,1437.819946
2018-01-31,167.429993,1182.219971,186.889999,95.010002,1450.890015
2018-02-01,167.779999,1181.589966,193.08999599999999,94.260002,1390.0
2018-02-02,160.5,1119.199951,190.279999,91.779999,1429.949951
2018-02-05,156.490005,1062.390015,181.259995,88.0,1390.0
2018-02-06,163.029999,1084.430054,185.309998,91.33000200000001,1442.839966
2018-02-07,159.53999299999998,1055.410034,180.179993,89.610001,1416.780029
2018-02-08,155.149994,1007.7100220000001,171.580002,85.010002,1350.5
2018-02-09,156.41000400000001,1046.27002,176.110001,88.18,1339.599976
2018-02-12,162.71000700000002,1054.560059,176.41000400000001,89.129997,1386.22998
2018-02-13,164.33999599999999,1054.140015,173.149994,89.83000200000001,1414.51001
2018-02-14,167.369995,1072.699951,179.520004,90.809998,1451.050049
2018-02-15,172.990005,1091.359985,179.96000700000002,92.660004,1461.76001
2018-02-16,172.429993,1095.5,177.360001,92.0,1448.689941
2018-02-20,171.850006,1103.589966,176.009995,92.720001,1468.349976
2018-02-21,171.070007,1113.75,177.91000400000001,91.489998,1482.920044
2018-02-22,172.5,1109.900024,178.990005,91.730003,1485.339966
2018-02-23,175.5,1128.089966,183.28999299999998,94.059998,1500.0
2018-02-26,178.970001,1143.699951,184.929993,95.41999799999999,1521.949951
2018-02-27,178.389999,1117.51001,181.46000700000002,94.199997,1511.97998
2018-02-28,178.119995,1103.920044,178.320007,93.769997,1512.449951
2018-03-01,175.0,1071.410034,175.940002,92.849998,1493.449951
2018-03-02,176.21000700000002,1084.140015,176.619995,93.050003,1500.25
2018-03-05,176.820007,1094.76001,180.399994,93.639999,1523.609985
2018-03-06,176.669998,1100.900024,179.779999,93.32,1537.640015
2018-03-07,175.029999,1115.040039,183.71000700000002,93.860001,1545.0
2018-03-08,176.940002,1129.380005,182.33999599999999,94.43,1551.859985
2018-03-09,179.979996,1160.839966,185.229996,96.540001,1578.890015
2018-03-12,181.720001,1165.930054,184.759995,96.769997,1598.390015
2018-03-13,179.970001,1139.910034,181.880005,94.410004,1588.180054
2018-03-14,178.440002,1148.890015,184.190002,93.849998,1591.0
2018-03-15,178.649994,1150.609985,183.860001,94.18,1582.319946
2018-03-16,178.020004,1134.420044,185.08999599999999,94.599998,1571.680054
2018-03-19,175.300003,1100.069946,172.559998,92.889999,1544.930054
2018-03-20,175.240005,1095.800049,168.149994,93.129997,1586.51001
2018-03-21,171.270004,1094.0,169.389999,92.480003,1581.859985
2018-03-22,168.850006,1053.150024,164.889999,89.790001,1544.920044
2018-03-23,164.940002,1026.550049,159.389999,87.18,1495.560059
2018-03-26,172.770004,1054.089966,160.059998,93.779999,1555.859985
2018-03-27,168.33999599999999,1006.9400019999999,152.220001,89.470001,1497.050049
2018-03-28,166.479996,1005.179993,153.029999,89.389999,1431.420044
2018-03-29,167.779999,1037.140015,159.78999299999998,91.269997,1447.339966
2018-04-02,166.679993,1012.6300050000001,155.389999,88.519997,1371.98999
2018-04-03,168.389999,1018.679993,156.110001,89.709999,1392.050049
2018-04-04,171.610001,1029.709961,155.100006,92.33000200000001,1410.569946
2018-04-05,172.800003,1032.640015,159.33999599999999,92.379997,1451.75
2018-04-06,168.380005,1009.9500119999999,157.199997,90.230003,1405.22998
2018-04-09,170.050003,1020.090027,157.929993,90.769997,1406.079956
2018-04-10,173.25,1036.5,165.03999299999998,92.879997,1436.219971
2018-04-11,172.440002,1025.060059,166.320007,91.860001,1427.050049
2018-04-12,174.139999,1037.290039,163.869995,93.58000200000001,1448.5
2018-04-13,174.729996,1036.040039,164.520004,93.08000200000001,1430.790039
2018-04-16,175.820007,1046.099976,164.830002,94.16999799999999,1441.5
2018-04-17,178.240005,1079.359985,168.66000400000001,96.07,1503.829956
2018-04-18,177.83999599999999,1075.390015,166.360001,96.440002,1527.839966
2018-04-19,172.800003,1089.449951,168.100006,96.110001,1556.910034
2018-04-20,165.720001,1077.319946,166.279999,95.0,1527.48999
2018-04-23,165.240005,1073.810059,165.83999599999999,95.349998,1517.859985
2018-04-24,162.940002,1022.6400150000001,159.690002,93.120003,1460.089966
2018-04-25,163.649994,1022.98999,159.690002,92.309998,1460.170044
2018-04-26,164.220001,1043.310059,174.16000400000001,94.260002,1517.959961
2018-04-27,162.320007,1031.449951,173.58999599999999,95.82,1572.619995
2018-04-30,165.259995,1018.580017,172.0,93.519997,1566.130005
2018-05-01,169.100006,1040.75,173.860001,95.0,1582.26001
2018-05-02,176.570007,1026.050049,176.070007,93.510002,1569.680054
2018-05-03,176.889999,1026.300049,174.020004,94.07,1572.079956
2018-05-04,183.830002,1051.0,176.610001,95.160004,1580.949951
2018-05-07,185.16000400000001,1059.459961,177.970001,96.220001,1600.140015
2018-05-08,186.050003,1058.589966,178.919998,95.809998,1592.390015
2018-05-09,187.360001,1088.949951,182.66000400000001,96.940002,1608.0
2018-05-10,190.03999299999998,1105.469971,185.529999,97.910004,1609.079956
2018-05-11,188.58999599999999,1103.380005,186.990005,97.699997,1602.910034
2018-05-14,188.149994,1106.599976,186.639999,98.029999,1601.540039
2018-05-15,186.440002,1084.869995,184.320007,97.32,1576.119995
2018-05-16,188.179993,1084.089966,183.199997,97.150002,1587.280029
2018-05-17,186.990005,1081.26001,183.759995,96.18,1581.76001
2018-05-18,186.309998,1069.640015,182.679993,96.360001,1574.369995
2018-05-21,187.630005,1084.01001,184.490005,97.599998,1585.459961
2018-05-22,187.16000400000001,1075.310059,183.800003,97.5,1581.400024
2018-05-23,188.360001,1085.959961,186.899994,98.660004,1601.859985
2018-05-24,188.149994,1085.449951,185.929993,98.309998,1603.069946
2018-05-25,188.580002,1084.079956,184.919998,98.360001,1610.150024
2018-05-29,187.899994,1068.069946,185.740005,98.010002,1612.869995
2018-05-30,187.5,1077.469971,187.669998,98.949997,1624.890015
2018-05-31,186.869995,1100.0,191.779999,98.839996,1629.619995
2018-06-01,190.240005,1135.0,193.990005,100.790001,1641.540039
2018-06-04,191.830002,1153.040039,193.279999,101.66999799999999,1665.27002
2018-06-05,193.309998,1151.02002,192.940002,102.190002,1696.3499760000002
2018-06-06,193.979996,1146.949951,191.33999599999999,102.489998,1695.75
2018-06-07,193.46000700000002,1134.420044,188.179993,100.879997,1689.300049
2018-06-08,191.699997,1132.709961,189.100006,101.629997,1683.9899899999998
2018-06-11,191.229996,1140.900024,191.53999299999998,101.050003,1689.119995
2018-06-12,192.279999,1148.189941,192.399994,101.309998,1698.75
2018-06-13,190.699997,1144.22998,192.41000400000001,100.849998,1704.859985
2018-06-14,190.800003,1160.109985,196.809998,101.41999799999999,1723.859985
2018-06-15,188.83999599999999,1159.27002,195.850006,100.129997,1715.969971
2018-06-18,188.740005,1183.579956,198.309998,100.860001,1723.790039
2018-06-19,185.690002,1178.689941,197.490005,100.860001,1734.780029
2018-06-20,186.5,1184.069946,202.0,101.870003,1750.0799559999998
2018-06-21,185.46000700000002,1169.439941,201.5,101.139999,1730.219971
2018-06-22,184.919998,1169.290039,201.740005,100.410004,1715.6700440000002
2018-06-25,182.169998,1139.280029,196.350006,98.389999,1663.150024
2018-06-26,184.429993,1132.619995,199.0,99.08000200000001,1691.089966
2018-06-27,184.16000400000001,1116.939941,195.83999599999999,97.540001,1660.51001
2018-06-28,185.5,1126.780029,196.229996,98.629997,1701.449951
2018-06-29,185.110001,1129.189941,194.320007,98.610001,1699.800049
2018-07-02,187.179993,1142.109985,197.360001,100.010002,1713.780029
2018-07-03,183.919998,1116.280029,192.729996,99.050003,1693.959961
2018-07-05,185.399994,1141.290039,198.449997,99.760002,1699.72998
2018-07-06,187.970001,1155.079956,203.229996,101.160004,1710.630005
2018-07-09,190.580002,1167.280029,204.740005,101.849998,1739.02002
2018-07-10,190.350006,1167.140015,203.53999299999998,102.120003,1743.069946
2018-07-11,187.880005,1171.459961,202.53999299999998,101.980003,1755.0
2018-07-12,191.029999,1201.26001,206.919998,104.190002,1796.619995
2018-07-13,191.330002,1204.420044,207.320007,105.43,1813.030029
2018-07-16,190.91000400000001,1196.51001,207.229996,104.910004,1822.4899899999998
2018-07-17,191.449997,1213.079956,209.99000499999997,105.949997,1843.930054
2018-07-18,190.399994,1212.910034,209.360001,105.120003,1842.9200440000002
2018-07-19,191.880005,1199.099976,208.08999599999999,104.400002,1812.969971
2018-07-20,191.440002,1197.880005,209.940002,106.269997,1813.699951
2018-07-23,191.610001,1211.0,210.91000400000001,107.970001,1802.0
2018-07-24,193.0,1258.150024,214.669998,107.660004,1829.2399899999998
2018-07-25,194.820007,1275.939941,217.5,110.83000200000001,1863.609985
2018-07-26,194.21000700000002,1285.5,176.259995,109.620003,1808.0
2018-07-27,190.979996,1252.890015,174.889999,107.68,1817.27002
2018-07-30,189.91000400000001,1230.040039,171.059998,105.370003,1779.219971
2018-07-31,190.28999299999998,1227.219971,172.580002,106.08000200000001,1777.439941
2018-08-01,201.5,1232.98999,171.649994,106.279999,1797.1700440000002
2018-08-02,207.389999,1241.130005,176.369995,107.57,1834.3299559999998
2018-08-03,207.990005,1238.160034,177.779999,108.040001,1823.290039
2018-08-06,209.070007,1237.670044,185.690002,108.129997,1847.75
2018-08-07,207.110001,1255.839966,183.809998,108.879997,1862.47998
2018-08-08,207.25,1261.329956,185.179993,109.489998,1886.52002
2018-08-09,208.880005,1264.459961,183.08999599999999,109.66999799999999,1898.52002
2018-08-10,207.529999,1252.51001,180.259995,109.0,1886.300049
2018-08-13,208.869995,1248.640015,180.050003,108.209999,1896.199951
2018-08-14,209.75,1258.140015,181.110001,109.559998,1919.6500239999998
2018-08-15,210.24000499999997,1232.219971,179.529999,107.660004,1882.619995
2018-08-16,213.32000699999998,1224.060059,174.699997,107.639999,1886.52002
2018-08-17,217.580002,1215.849976,173.800003,107.58000200000001,1882.219971
2018-08-20,215.460007,1221.949951,172.5,106.870003,1876.709961
2018-08-21,215.039993,1217.410034,172.619995,105.980003,1883.4200440000002
2018-08-22,215.05000299999998,1221.75,173.639999,107.059998,1904.9000239999998
2018-08-23,215.49000499999997,1221.160034,172.899994,107.559998,1902.9000239999998
2018-08-24,216.16000400000001,1236.75,174.649994,108.400002,1905.390015
2018-08-27,217.940002,1256.27002,177.46000700000002,109.599998,1927.680054
2018-08-28,219.69999700000002,1245.859985,176.259995,110.260002,1932.819946
2018-08-29,222.979996,1264.650024,175.899994,112.019997,1998.0999760000002
2018-08-30,225.02999900000003,1254.439941,177.639999,111.949997,2002.380005
2018-08-31,227.63000499999998,1231.800049,175.729996,112.33000200000001,2012.709961
2018-09-04,228.36000099999998,1211.310059,171.16000400000001,111.709999,2039.5100100000002
2018-09-05,226.86999500000002,1199.099976,167.179993,108.489998,1994.819946
2018-09-06,223.100006,1183.98999,162.529999,108.739998,1958.310059
2018-09-07,221.30000299999998,1177.589966,163.03999299999998,108.209999,1952.069946
2018-09-10,218.330002,1175.060059,164.179993,109.379997,1939.0100100000002
2018-09-11,223.850006,1189.98999,165.940002,111.239998,1987.1500239999998
2018-09-12,221.07000699999998,1171.599976,162.0,111.709999,1990.0
2018-09-13,226.41000400000001,1182.140015,161.360001,112.910004,1989.869995
2018-09-14,223.83999599999999,1177.97998,162.320007,113.370003,1970.189941
2018-09-17,217.88000499999998,1159.829956,160.580002,112.139999,1908.030029
2018-09-18,218.24000499999997,1167.109985,160.300003,113.209999,1941.050049
2018-09-19,218.36999500000002,1174.27002,163.059998,111.699997,1926.4200440000002
2018-09-20,220.02999900000003,1191.569946,166.020004,113.57,1944.300049
2018-09-21,217.66000400000001,1172.119995,162.929993,114.260002,1915.0100100000002
2018-09-24,220.789993,1179.560059,165.41000400000001,114.66999799999999,1934.359985
2018-09-25,222.190002,1193.890015,164.91000400000001,114.449997,1974.550049
2018-09-26,220.419998,1194.060059,166.949997,113.980003,1974.8499760000002
2018-09-27,224.94999700000002,1207.359985,168.83999599999999,114.410004,2012.97998
2018-09-28,225.74000499999997,1207.079956,164.46000700000002,114.370003,2003.0
2018-10-01,227.25999500000003,1208.530029,162.440002,115.610001,2004.359985
2018-10-02,229.27999900000003,1207.640015,159.330002,115.150002,1971.310059
2018-10-03,232.07000699999998,1211.530029,162.429993,115.16999799999999,1952.7600100000002
2018-10-04,227.99000499999997,1177.069946,158.850006,112.790001,1909.4200440000002
2018-10-05,224.289993,1167.829956,157.330002,112.129997,1889.6500239999998
2018-10-08,223.770004,1155.920044,157.25,110.849998,1864.4200440000002
2018-10-09,226.86999500000002,1145.170044,157.899994,112.260002,1870.319946
2018-10-10,216.36000099999998,1092.160034,151.380005,106.160004,1755.25
2018-10-11,214.44999700000002,1090.73999,153.350006,105.910004,1719.359985
2018-10-12,222.11000099999998,1120.540039,153.740005,109.57,1788.609985
2018-10-15,217.36000099999998,1102.439941,153.520004,107.599998,1760.949951
2018-10-16,222.149994,1133.079956,158.779999,111.0,1819.959961
2018-10-17,221.190002,1127.589966,159.419998,110.709999,1831.72998
2018-10-18,216.020004,1097.910034,154.919998,108.5,1770.719971
2018-10-19,219.309998,1105.180054,154.050003,108.660004,1764.030029
2018-10-22,220.649994,1111.369995,154.779999,109.629997,1789.300049
2018-10-23,222.729996,1114.910034,154.389999,108.099998,1768.699951
2018-10-24,215.08999599999999,1057.119995,146.03999299999998,102.32,1664.199951
2018-10-25,219.80000299999998,1103.589966,150.949997,108.300003,1782.1700440000002
2018-10-26,216.30000299999998,1083.75,145.369995,106.959999,1642.810059
2018-10-29,212.24000499999997,1034.72998,142.08999599999999,103.849998,1538.880005
2018-10-30,213.30000299999998,1049.51001,146.220001,103.730003,1530.420044
2018-10-31,218.86000099999998,1090.579956,151.78999299999998,106.809998,1598.01001
2018-11-01,222.22000099999997,1085.97998,151.75,105.91999799999999,1665.530029
2018-11-02,207.479996,1071.48999,150.350006,106.160004,1665.530029
2018-11-05,201.58999599999999,1055.72998,148.679993,107.510002,1627.800049
2018-11-06,203.770004,1069.569946,149.940002,107.720001,1642.810059
2018-11-07,209.94999700000002,1108.23999,151.529999,111.959999,1755.4899899999998
2018-11-08,208.490005,1094.630005,147.869995,111.75,1754.910034
2018-11-09,204.470001,1077.02002,144.96000700000002,109.57,1712.430054
2018-11-12,194.169998,1049.359985,141.550003,106.870003,1636.849976
2018-11-13,192.229996,1047.969971,142.16000400000001,106.940002,1631.170044
2018-11-14,186.800003,1054.579956,144.220001,104.970001,1599.01001
2018-11-15,191.41000400000001,1071.050049,143.850006,107.279999,1619.439941
2018-11-16,193.529999,1068.27002,139.529999,108.290001,1593.410034
2018-11-19,185.860001,1027.420044,131.550003,104.620003,1512.290039
2018-11-20,176.979996,1030.449951,132.429993,101.709999,1495.459961
2018-11-21,176.779999,1043.430054,134.820007,103.110001,1516.72998
2018-11-23,172.28999299999998,1030.099976,131.729996,103.07,1502.060059
2018-11-26,174.619995,1055.939941,136.380005,106.470001,1581.329956
2018-11-27,174.240005,1052.280029,135.0,107.139999,1581.420044
2018-11-28,180.940002,1091.790039,136.759995,111.120003,1677.75
2018-11-29,179.550003,1094.579956,138.679993,110.190002,1673.569946
2018-11-30,178.580002,1109.650024,140.610001,110.889999,1690.1700440000002
2018-12-03,184.820007,1116.359985,141.08999599999999,112.089996,1772.359985
2018-12-04,176.690002,1062.469971,137.929993,108.519997,1668.400024
2018-12-06,174.720001,1078.079956,139.630005,109.190002,1699.189941
2018-12-07,168.490005,1046.579956,137.419998,104.82,1629.130005
2018-12-10,169.600006,1053.180054,141.850006,107.589996,1641.030029
2018-12-11,168.630005,1061.650024,142.080002,108.589996,1643.23999
2018-12-12,169.100006,1073.72998,144.5,109.08000200000001,1663.540039
2018-12-13,170.949997,1073.540039,145.009995,109.449997,1658.380005
2018-12-14,165.479996,1051.709961,144.059998,106.029999,1591.910034
2018-12-17,163.940002,1025.650024,140.190002,102.889999,1520.910034
2018-12-18,166.070007,1043.410034,143.66000400000001,103.970001,1551.47998
2018-12-19,160.889999,1035.459961,133.240005,103.690002,1495.079956
2018-12-20,156.830002,1023.580017,133.399994,101.510002,1460.829956
2018-12-21,150.729996,991.25,124.949997,98.230003,1377.449951
2018-12-24,146.830002,984.669983,124.059998,94.129997,1343.959961
2018-12-26,157.169998,1047.849976,134.179993,100.559998,1470.900024
2018-12-27,156.149994,1052.900024,134.520004,101.18,1461.640015
2018-12-28,156.229996,1046.680054,133.199997,100.389999,1478.02002
2018-12-31,157.740005,1044.959961,131.08999599999999,101.57,1501.969971
2019-01-02,157.919998,1054.680054,135.679993,101.120003,1539.130005
2019-01-03,142.190002,1025.469971,131.740005,97.400002,1500.280029
2019-01-04,148.259995,1078.069946,137.949997,101.93,1575.390015
2019-01-07,147.929993,1075.920044,138.050003,102.059998,1629.51001
2019-01-08,150.75,1085.369995,142.529999,102.800003,1656.579956
2019-01-09,153.309998,1081.650024,144.229996,104.269997,1659.420044
2019-01-10,153.800003,1078.829956,144.199997,103.599998,1656.219971
2019-01-11,152.28999299999998,1064.469971,143.800003,102.800003,1640.560059
2019-01-14,150.0,1051.51001,145.389999,102.050003,1617.209961
2019-01-15,153.070007,1086.51001,148.949997,105.010002,1674.560059
2019-01-16,154.940002,1089.51001,147.53999299999998,105.379997,1683.780029
2019-01-17,155.860001,1099.119995,148.300003,106.120003,1693.219971
2019-01-18,156.820007,1107.300049,150.03999299999998,107.709999,1696.199951
2019-01-22,153.300003,1078.630005,147.570007,105.68,1632.170044
2019-01-23,153.919998,1084.410034,144.300003,106.709999,1640.02002
2019-01-24,152.699997,1084.0,145.830002,106.199997,1654.930054
2019-01-25,157.759995,1101.51001,149.009995,107.16999799999999,1670.569946
2019-01-28,156.300003,1079.859985,147.470001,105.08000200000001,1637.890015
2019-01-29,154.679993,1070.060059,144.190002,102.940002,1593.880005
2019-01-30,165.25,1097.98999,150.419998,106.379997,1670.430054
2019-01-31,166.440002,1125.890015,166.690002,104.43,1718.72998
2019-02-01,166.520004,1118.619995,165.71000700000002,102.779999,1626.22998
2019-02-04,171.25,1141.420044,169.25,105.739998,1633.310059
2019-02-05,174.179993,1151.869995,171.16000400000001,107.220001,1658.810059
2019-02-06,174.240005,1122.890015,170.490005,106.029999,1640.26001
2019-02-07,170.940002,1105.910034,166.380005,105.269997,1614.369995
2019-02-08,170.41000400000001,1102.380005,167.330002,105.66999799999999,1588.219971
2019-02-11,169.429993,1102.119995,165.78999299999998,105.25,1591.0
2019-02-12,170.889999,1127.579956,165.03999299999998,106.889999,1638.01001
2019-02-13,170.179993,1128.630005,164.070007,106.809998,1640.0
2019-02-14,170.800003,1129.199951,163.949997,106.900002,1622.650024
2019-02-15,170.419998,1119.630005,162.5,108.220001,1607.949951
2019-02-19,170.929993,1126.51001,162.28999299999998,108.16999799999999,1627.579956
2019-02-20,172.029999,1120.589966,162.559998,107.150002,1622.099976
2019-02-21,171.059998,1104.209961,160.03999299999998,109.410004,1619.439941
2019-02-22,172.970001,1116.560059,161.889999,110.970001,1631.560059
2019-02-25,174.229996,1117.329956,164.619995,111.589996,1633.0
2019-02-26,174.330002,1122.01001,164.130005,112.360001,1636.400024
2019-02-27,174.869995,1122.890015,162.809998,112.16999799999999,1641.089966
2019-02-28,173.149994,1126.550049,161.449997,112.029999,1639.829956
2019-03-01,174.970001,1148.52002,162.279999,112.529999,1671.72998
2019-03-04,175.850006,1153.420044,167.369995,112.260002,1696.1700440000002
2019-03-05,175.529999,1169.189941,171.259995,111.699997,1692.430054
2019-03-06,174.520004,1164.939941,172.509995,111.75,1668.949951
2019-03-07,172.5,1150.849976,169.130005,110.389999,1625.949951
2019-03-08,172.91000400000001,1149.969971,169.600006,110.510002,1620.800049
2019-03-11,178.899994,1179.26001,172.070007,112.83000200000001,1670.619995
2019-03-12,180.91000400000001,1197.25,171.919998,113.620003,1673.099976
2019-03-13,181.71000700000002,1199.060059,173.369995,114.5,1690.810059
2019-03-14,183.729996,1192.530029,170.169998,114.589996,1686.219971
2019-03-15,186.119995,1190.300049,165.979996,115.910004,1712.359985
2019-03-18,188.020004,1188.550049,160.470001,117.57,1742.1500239999998
2019-03-19,186.529999,1202.459961,161.570007,117.650002,1761.8499760000002
2019-03-20,188.16000400000001,1226.430054,165.440002,117.519997,1797.27002
2019-03-21,195.08999599999999,1236.130005,166.080002,120.220001,1819.2600100000002
2019-03-22,191.050003,1207.650024,164.33999599999999,117.050003,1764.77002
2019-03-25,188.740005,1197.380005,166.28999299999998,117.660004,1774.2600100000002
2019-03-26,186.78999299999998,1189.839966,167.679993,117.910004,1783.7600100000002
2019-03-27,188.470001,1178.01001,165.869995,116.769997,1765.699951
2019-03-28,188.720001,1172.27002,165.550003,116.93,1773.4200440000002
2019-03-29,189.949997,1176.890015,166.690002,117.940002,1780.75
2019-04-01,191.240005,1198.97998,168.699997,119.019997,1814.189941
2019-04-02,194.020004,1205.540039,174.199997,119.190002,1813.97998
2019-04-03,195.350006,1210.810059,173.53999299999998,119.970001,1820.699951
2019-04-04,195.690002,1219.449951,176.020004,119.360001,1818.859985
2019-04-05,197.0,1211.449951,175.720001,119.889999,1837.280029
2019-04-08,200.100006,1208.280029,174.929993,119.93,1849.859985
2019-04-09,199.5,1202.689941,177.580002,119.279999,1835.839966
2019-04-10,200.619995,1206.449951,177.820007,120.190002,1847.3299559999998
2019-04-11,198.949997,1209.589966,177.509995,120.33000200000001,1844.069946
2019-04-12,198.869995,1222.72998,179.100006,120.949997,1843.060059
2019-04-15,199.229996,1226.530029,179.649994,121.050003,1844.869995
2019-04-16,199.25,1231.910034,178.869995,120.769997,1863.040039
2019-04-17,203.130005,1240.140015,178.779999,121.769997,1864.819946
2019-04-18,203.860001,1241.469971,178.279999,123.370003,1861.689941
2019-04-22,204.529999,1253.76001,181.440002,123.760002,1887.310059
2019-04-23,207.479996,1270.589966,183.779999,125.440002,1923.77002
2019-04-24,207.16000400000001,1260.050049,182.580002,125.010002,1901.75
2019-04-25,205.279999,1267.339966,193.259995,129.149994,1902.25
2019-04-26,204.300003,1277.420044,191.490005,129.889999,1950.630005
2019-04-29,204.610001,1296.199951,194.779999,129.770004,1938.430054
2019-04-30,200.669998,1198.959961,193.399994,130.600006,1926.52002
2019-05-01,210.520004,1173.319946,193.029999,127.879997,1911.52002
2019-05-02,209.149994,1166.51001,192.529999,126.209999,1900.819946
2019-05-03,211.75,1189.550049,195.470001,128.899994,1962.459961
2019-05-06,208.479996,1193.459961,193.880005,128.149994,1950.550049
2019-05-07,202.860001,1178.859985,189.770004,125.519997,1921.0
2019-05-08,202.899994,1170.780029,189.53999299999998,125.510002,1917.77002
2019-05-09,200.720001,1167.969971,188.649994,125.5,1899.869995
2019-05-10,197.179993,1167.640015,188.33999599999999,127.129997,1889.97998
2019-05-13,185.720001,1136.589966,181.53999299999998,123.349998,1822.680054
2019-05-14,188.66000400000001,1124.859985,180.729996,124.730003,1840.119995
2019-05-15,190.919998,1170.800049,186.270004,126.019997,1871.1500239999998
2019-05-16,190.080002,1184.5,186.990005,128.929993,1907.569946
2019-05-17,189.0,1168.780029,185.300003,128.070007,1869.0
2019-05-20,183.08999599999999,1144.660034,182.720001,126.220001,1858.969971
2019-05-21,186.600006,1154.439941,184.820007,126.900002,1857.52002
2019-05-22,182.779999,1155.849976,185.320007,127.66999799999999,1859.680054
2019-05-23,179.66000400000001,1145.339966,180.869995,126.18,1815.47998
2019-05-24,178.970001,1138.609985,181.059998,126.239998,1823.280029
2019-05-28,178.229996,1139.560059,184.309998,126.160004,1836.430054
2019-05-29,177.380005,1119.939941,182.190002,124.940002,1819.189941
2019-05-30,178.300003,1121.410034,183.009995,125.730003,1816.319946
2019-05-31,175.070007,1106.5,177.470001,123.68,1775.069946
2019-06-03,173.300003,1038.73999,164.149994,119.839996,1692.689941
2019-06-04,179.639999,1054.48999,167.5,123.160004,1729.560059
2019-06-05,182.53999299999998,1044.640015,168.169998,125.83000200000001,1738.5
2019-06-06,185.220001,1047.76001,168.330002,127.82,1754.359985
2019-06-07,190.149994,1068.369995,173.350006,131.399994,1804.030029
2019-06-10,192.580002,1082.76001,174.820007,132.600006,1860.630005
2019-06-11,194.809998,1081.040039,178.100006,132.100006,1863.699951
2019-06-12,194.190002,1079.099976,175.03999299999998,131.490005,1855.319946
2019-06-13,194.149994,1091.01001,177.470001,132.320007,1870.300049
2019-06-14,192.740005,1086.300049,181.330002,132.449997,1869.6700440000002
2019-06-17,193.889999,1093.890015,189.009995,132.850006,1886.030029
2019-06-18,198.449997,1105.23999,188.470001,135.16000400000001,1901.369995
2019-06-19,197.869995,1104.51001,187.479996,135.690002,1908.790039
2019-06-20,199.46000700000002,1113.199951,189.529999,136.949997,1918.189941
2019-06-21,198.779999,1125.369995,191.139999,136.970001,1911.300049
2019-06-24,198.580002,1116.699951,192.600006,137.779999,1913.9000239999998
2019-06-25,195.570007,1087.579956,188.83999599999999,133.429993,1878.27002
2019-06-26,199.800003,1080.319946,187.66000400000001,133.929993,1897.8299559999998
2019-06-27,199.740005,1076.630005,189.5,134.149994,1904.280029
2019-06-28,197.919998,1082.800049,193.0,133.96000700000002,1893.630005
2019-07-01,201.550003,1100.0,193.0,135.679993,1922.189941
2019-07-02,202.729996,1112.599976,195.0,136.580002,1934.310059
2019-07-03,204.41000400000001,1122.98999,197.199997,137.46000700000002,1939.0
2019-07-05,204.229996,1132.670044,196.399994,137.059998,1942.910034
2019-07-08,200.020004,1116.790039,195.759995,136.96000700000002,1952.319946
2019-07-09,201.240005,1124.290039,199.21000700000002,136.46000700000002,1988.300049
2019-07-10,203.229996,1140.910034,202.729996,137.850006,2017.410034
2019-07-11,201.75,1144.079956,201.229996,138.399994,2001.069946
2019-07-12,203.300003,1145.339966,204.869995,138.899994,2011.0
2019-07-15,205.21000700000002,1150.51001,203.91000400000001,138.899994,2020.9899899999998
2019-07-16,204.5,1153.459961,203.83999599999999,137.080002,2009.9000239999998
2019-07-17,203.350006,1146.73999,201.800003,136.270004,1992.030029
2019-07-18,205.66000400000001,1147.23999,200.779999,136.419998,1977.9000239999998
2019-07-19,202.58999599999999,1131.550049,198.360001,136.619995,1964.52002
2019-07-22,207.220001,1139.209961,202.320007,138.429993,1985.630005
2019-07-23,208.83999599999999,1148.050049,202.360001,139.28999299999998,1994.4899899999998
2019-07-24,208.669998,1139.72998,204.66000400000001,140.720001,2000.810059
2019-07-25,207.020004,1135.939941,200.71000700000002,140.190002,1973.819946
2019-07-26,207.740005,1245.219971,199.75,141.33999599999999,1943.050049
2019-07-29,209.679993,1241.839966,195.940002,141.029999,1912.449951
2019-07-30,208.779999,1228.0,197.03999299999998,140.350006,1898.530029
2019-07-31,213.039993,1218.199951,194.229996,136.270004,1866.780029
2019-08-01,208.429993,1211.780029,192.729996,138.059998,1855.319946
2019-08-02,204.020004,1196.319946,189.020004,136.899994,1823.2399899999998
2019-08-05,193.33999599999999,1154.75,181.729996,132.21000700000002,1765.130005
2019-08-06,197.0,1171.079956,184.509995,134.690002,1787.8299559999998
2019-08-07,199.03999299999998,1175.910034,185.149994,135.279999,1793.4000239999998
2019-08-08,203.429993,1206.189941,190.16000400000001,138.889999,1832.890015
2019-08-09,200.990005,1188.900024,187.850006,137.71000700000002,1807.5799559999998
2019-08-12,200.479996,1174.5,185.369995,135.78999299999998,1784.9200440000002
2019-08-13,208.970001,1196.72998,188.449997,138.600006,1824.339966
2019-08-14,202.75,1164.25,179.71000700000002,133.979996,1762.959961
2019-08-15,201.740005,1169.319946,182.58999599999999,133.679993,1776.119995
2019-08-16,206.5,1179.209961,183.699997,136.130005,1792.569946
2019-08-19,210.350006,1200.439941,186.169998,138.41000400000001,1816.119995
2019-08-20,210.36000099999998,1183.530029,183.809998,137.259995,1801.380005
2019-08-21,212.63999900000002,1191.579956,183.550003,138.78999299999998,1823.540039
2019-08-22,212.460007,1191.52002,182.03999299999998,137.779999,1804.660034
2019-08-23,202.639999,1153.579956,177.75,133.389999,1749.619995
2019-08-26,206.490005,1171.180054,180.360001,135.449997,1768.869995
2019-08-27,204.16000400000001,1170.819946,181.300003,135.740005,1761.8299559999998
2019-08-28,205.529999,1173.75,181.759995,135.559998,1764.25
2019-08-29,209.009995,1194.23999,185.570007,138.119995,1786.4000239999998
2019-08-30,208.740005,1190.530029,185.669998,137.860001,1776.290039
2019-09-03,205.699997,1169.550049,182.389999,136.03999299999998,1789.839966
2019-09-04,209.190002,1182.27002,187.139999,137.630005,1800.619995
2019-09-05,213.27999900000003,1212.189941,190.899994,140.050003,1840.719971
2019-09-06,213.25999500000003,1206.319946,187.490005,139.100006,1833.5100100000002
2019-09-09,214.169998,1205.27002,188.759995,137.520004,1831.3499760000002
2019-09-10,216.69999700000002,1205.699951,186.169998,136.080002,1820.550049
2019-09-11,223.58999599999999,1220.0,188.490005,136.119995,1822.9899899999998
2019-09-12,223.08999599999999,1234.969971,187.470001,137.520004,1843.550049
2019-09-13,218.75,1240.030029,187.190002,137.320007,1839.339966
2019-09-16,219.899994,1231.630005,186.220001,136.330002,1807.839966
2019-09-17,220.69999700000002,1229.880005,188.080002,137.389999,1822.550049
2019-09-18,222.770004,1232.650024,188.139999,138.520004,1817.459961
2019-09-19,220.960007,1238.75,190.139999,141.070007,1821.5
2019-09-20,217.729996,1229.839966,189.929993,139.440002,1794.160034
2019-09-23,218.72000099999997,1234.689941,186.820007,139.139999,1785.300049
2019-09-24,217.67999300000002,1218.329956,181.279999,137.380005,1741.609985
2019-09-25,221.02999900000003,1245.939941,182.800003,139.360001,1768.3299559999998
2019-09-26,219.88999900000002,1242.290039,180.110001,139.53999299999998,1739.839966
2019-09-27,218.82000699999998,1225.949951,177.100006,137.729996,1725.449951
2019-09-30,223.97000099999997,1221.140015,178.080002,139.029999,1735.910034
2019-10-01,224.58999599999999,1206.0,175.809998,137.070007,1735.6500239999998
2019-10-02,218.960007,1177.920044,174.600006,134.649994,1713.22998
2019-10-03,220.82000699999998,1189.430054,179.380005,136.279999,1724.4200440000002
2019-10-04,227.00999500000003,1210.959961,180.449997,138.119995,1739.6500239999998
2019-10-07,227.059998,1208.25,179.679993,137.119995,1732.660034
2019-10-08,224.399994,1190.130005,177.75,135.669998,1705.5100100000002
2019-10-09,227.02999900000003,1202.400024,179.850006,138.240005,1721.9899899999998
2019-10-10,230.08999599999999,1209.469971,180.029999,139.100006,1720.2600100000002
2019-10-11,236.210007,1215.709961,184.190002,139.679993,1731.9200440000002
2019-10-14,235.86999500000002,1217.77002,183.279999,139.550003,1736.430054
2019-10-15,235.32000699999998,1242.23999,188.889999,141.570007,1767.380005
2019-10-16,234.36999500000002,1243.0,189.550003,140.41000400000001,1777.430054
2019-10-17,235.27999900000003,1252.800049,190.389999,139.690002,1787.47998
2019-10-18,236.41000400000001,1244.410034,185.850006,137.41000400000001,1757.5100100000002
2019-10-21,240.50999500000003,1244.280029,189.759995,138.429993,1785.660034
2019-10-22,239.960007,1241.199951,182.33999599999999,136.369995,1765.72998
2019-10-23,243.17999300000002,1257.630005,186.149994,137.240005,1762.1700440000002
2019-10-24,243.580002,1259.109985,186.380005,139.940002,1780.780029
2019-10-25,246.580002,1264.300049,187.889999,140.729996,1761.3299559999998
2019-10-28,249.05000299999998,1288.97998,189.399994,144.190002,1777.0799559999998
2019-10-29,243.289993,1260.660034,189.309998,142.830002,1762.709961
2019-10-30,243.25999500000003,1260.699951,188.25,144.610001,1779.9899899999998
2019-10-31,248.75999500000003,1258.800049,191.649994,143.369995,1776.660034
2019-11-01,255.82000699999998,1272.25,193.619995,143.720001,1791.439941
